,assists,evGoals,evPoints,faceoffWinPct,gameWinningGoals,gamesPlayed,goals,lastName,otGoals,penaltyMinutes,playerId,plusMinus,points,pointsPerGame,positionCode,ppGoals,ppPoints,seasonId,shGoals,shPoints,shootingPct,shootsCatches,shots,skaterFullName,teamAbbrevs,timeOnIcePerGame
0,4,1,4,0.41666,0,32,2,Wahlstrom,0,8,8480789,-6,6,0.1875,R,1,2,20232024,0,0,0.04878,R,41,Oliver Wahlstrom,NYI,664.2187
1,14,5,18,,0,70,5,Fehervary,0,26,8480796,-7,19,0.27142,D,0,0,20232024,0,1,0.07246,L,69,Martin Fehervary,WSH,1185.1142
2,28,20,43,0.375,2,82,22,Farabee,1,37,8480797,-13,50,0.60975,L,2,7,20232024,0,0,0.12087,L,182,Joel Farabee,PHI,971.1829
3,36,12,35,0.4635,3,75,18,Kurashev,1,23,8480798,-44,54,0.72,C,6,19,20232024,0,0,0.14062,L,128,Philipp Kurashev,CHI,1141.1066
4,85,12,59,,2,95,17,Hughes,1,44,8480800,39,102,1.07368,D,5,43,20232024,0,0,0.07727,L,220,Quinn Hughes,VAN,1478.9473
5,37,25,52,0.52631,2,81,37,Tkachuk,1,134,8480801,1,74,0.91358,L,12,22,20232024,0,0,0.10364,L,357,Brady Tkachuk,OTT,1148.5308
6,18,16,31,0.51039,3,105,16,McLeod,0,26,8480802,3,34,0.3238,C,0,1,20232024,0,2,0.12121,L,132,Ryan McLeod,EDM,840.3142
7,90,15,65,,10,106,24,Bouchard,3,54,8480803,48,114,1.07547,D,9,49,20232024,0,0,0.08163,R,294,Evan Bouchard,EDM,1408.4245
8,6,4,9,0.44041,0,46,5,Lundestrom,0,2,8480806,-1,11,0.23913,C,0,1,20232024,1,1,0.13157,L,38,Isac Lundestrom,ANA,860.4565
9,6,1,7,,1,41,1,Samuelsson,0,26,8480807,4,7,0.17073,D,0,0,20232024,0,0,0.02272,L,44,Mattias Samuelsson,BUF,1230.0
10,16,9,22,0.49035,1,80,12,Veleno,0,25,8480813,-16,28,0.35,C,3,5,20232024,0,1,0.13953,L,86,Joe Veleno,DET,837.3875
11,2,0,1,,0,7,0,Graf,0,0,8484911,-4,2,0.28571,R,0,1,20232024,0,0,0.0,R,7,Collin Graf,SJS,995.7142
12,25,8,31,,4,96,9,Miller,1,57,8480817,7,34,0.35416,D,0,1,20232024,1,2,0.08256,L,109,K'Andre Miller,NYR,1288.9479
13,55,18,52,0.3617,4,87,24,Nyquist,0,10,8474679,4,79,0.90804,C,5,25,20232024,1,2,0.15189,L,158,Gustav Nyquist,NSH,1074.2183
14,3,1,4,,0,43,1,Alexeyev,0,10,8480823,-10,4,0.09302,D,0,0,20232024,0,0,0.04545,L,22,Alexander Alexeyev,WSH,852.5813
15,16,11,25,0.51739,0,90,12,Kotkaniemi,0,40,8480829,-6,28,0.31111,C,1,2,20232024,0,1,0.08391,L,143,Jesperi Kotkaniemi,CAR,764.3333
16,42,15,43,0.5,8,70,21,Svechnikov,0,74,8480830,13,63,0.9,R,6,20,20232024,0,0,0.12209,L,172,Andrei Svechnikov,CAR,1035.2714
17,9,1,9,,0,30,1,Emberson,0,6,8480834,-4,10,0.33333,D,0,1,20232024,0,0,0.03225,R,31,Ty Emberson,SJS,1112.9666
18,23,7,25,0.56058,1,85,9,Drury,0,35,8480835,11,32,0.37647,C,2,7,20232024,0,0,0.07086,L,127,Jack Drury,CAR,743.0705
19,39,14,39,,2,81,20,Dahlin,1,66,8480839,-3,59,0.72839,D,6,20,20232024,0,0,0.0851,L,235,Rasmus Dahlin,BUF,1525.3456
20,0,0,0,,0,6,0,Denisenko,0,2,8480844,-3,0,0.0,L,0,0,20232024,0,0,0.0,R,5,Grigori Denisenko,VGK,650.8333
21,1,0,1,0.46706,0,28,0,Kupari,0,4,8480845,-5,1,0.03571,C,0,0,20232024,0,0,0.0,R,28,Rasmus Kupari,WPG,548.4642
22,7,3,10,0.40485,1,48,3,Dellandrea,0,25,8480848,-10,10,0.20833,C,0,0,20232024,0,0,0.04918,R,61,Ty Dellandrea,DAL,745.8125
23,36,6,25,,0,93,11,Burns,0,22,8470613,23,47,0.50537,D,4,21,20232024,1,1,0.05263,R,209,Brent Burns,CAR,1299.0752
24,10,1,11,,1,82,1,Bahl,0,82,8480860,1,11,0.13414,D,0,0,20232024,0,0,0.01587,L,63,Kevin Bahl,NJD,1043.7926
25,5,0,2,,0,16,0,Spurgeon,0,2,8474716,5,5,0.3125,D,0,3,20232024,0,0,0.0,R,21,Jared Spurgeon,MIN,1399.625
26,61,9,45,,4,84,10,Dobson,0,42,8480865,11,71,0.84523,D,1,25,20232024,0,1,0.05555,R,180,Noah Dobson,NYI,1469.1071
27,9,1,6,,0,35,1,Boqvist,0,0,8480871,-8,10,0.28571,D,0,4,20232024,0,0,0.02222,R,45,Adam Boqvist,CBJ,1097.0
28,20,3,18,,1,69,3,Sandin,0,26,8480873,-13,23,0.33333,D,0,5,20232024,0,0,0.03797,L,79,Rasmus Sandin,WSH,1266.8985
29,10,4,13,,0,72,4,Bernard-Docker,0,25,8480879,-7,14,0.19444,D,0,0,20232024,0,1,0.07843,R,51,Jacob Bernard-Docker,OTT,941.6111
30,8,3,11,0.44444,0,65,3,Lauko,0,34,8480880,-2,11,0.16923,C,0,0,20232024,0,0,0.05882,L,51,Jakub Lauko,BOS,586.0
31,11,3,14,,0,56,3,Harris,0,22,8480887,-5,14,0.25,D,0,0,20232024,0,0,0.06976,L,43,Jordan Harris,MTL,1048.3214
32,22,3,25,,0,82,3,Borgen,0,65,8478840,-5,25,0.30487,D,0,0,20232024,0,0,0.03092,R,97,Will Borgen,SEA,1055.2682
33,35,4,26,,2,77,4,Krug,0,32,8476792,-31,39,0.50649,D,0,13,20232024,0,0,0.02469,L,162,Torey Krug,STL,1317.6753
34,19,14,29,0.32911,1,78,23,Marchenko,0,14,8480893,-5,42,0.53846,R,9,13,20232024,0,0,0.11917,R,193,Kirill Marchenko,CBJ,984.8333
35,29,22,47,0.2,4,95,23,Garland,0,37,8478856,19,52,0.54736,R,1,5,20232024,0,0,0.10267,R,224,Conor Garland,VAN,876.8105
36,16,5,20,,0,106,5,Mikkola,0,91,8478859,15,21,0.19811,D,0,0,20232024,0,1,0.0431,L,116,Niko Mikkola,FLA,1183.349
37,50,27,55,0.0,8,75,46,Kaprizov,2,36,8478864,11,96,1.28,L,19,41,20232024,0,0,0.16606,L,277,Kirill Kaprizov,MIN,1294.6133
38,7,3,10,,0,44,3,Xhekaj,0,81,8482964,6,10,0.22727,D,0,0,20232024,0,0,0.04918,L,61,Arber Xhekaj,MTL,955.6363
39,1,9,10,0.5604,1,86,10,Glendening,0,39,8476822,-2,11,0.1279,C,0,0,20232024,1,1,0.16393,R,61,Luke Glendening,TBL,688.0813
40,34,16,41,0.33333,5,76,20,Terry,1,24,8478873,-10,54,0.71052,R,4,13,20232024,0,0,0.11627,R,172,Troy Terry,ANA,1097.2763
41,22,9,28,0.47834,1,80,11,Gourde,0,62,8476826,-11,33,0.4125,C,0,2,20232024,2,3,0.07051,L,156,Yanni Gourde,SEA,1046.8625
42,19,6,24,,1,82,6,Gavrikov,1,30,8478882,9,25,0.30487,D,0,0,20232024,0,1,0.05172,L,116,Vladislav Gavrikov,LAK,1234.0487
43,24,11,34,0.55555,2,87,14,Appleton,0,32,8478891,12,38,0.43678,C,2,2,20232024,1,2,0.10852,R,129,Mason Appleton,WPG,955.8045
44,54,6,41,,0,79,7,Rielly,0,27,8476853,9,61,0.77215,D,1,20,20232024,0,0,0.03684,L,190,Morgan Rielly,TOR,1430.3164
45,26,3,25,,0,86,4,Lindholm,0,71,8476854,21,30,0.34883,D,1,5,20232024,0,0,0.03448,L,116,Hampus Lindholm,BOS,1388.6279
46,6,6,12,0.29411,1,62,6,Di Giuseppe,0,38,8476858,0,12,0.19354,L,0,0,20232024,0,0,0.1,L,60,Phillip Di Giuseppe,VAN,707.4354
47,26,10,26,0.48925,2,82,13,Laughton,0,69,8476872,-9,39,0.4756,C,1,5,20232024,2,8,0.07784,L,167,Scott Laughton,PHI,939.317
48,9,7,15,0.51776,1,38,8,Jankowski,0,10,8476873,10,17,0.44736,C,0,1,20232024,1,1,0.15094,L,53,Mark Jankowski,NSH,735.5526
49,14,4,18,,0,72,4,Maatta,0,14,8476874,14,18,0.25,D,0,0,20232024,0,0,0.08333,L,48,Olli Maatta,DET,963.2361
50,51,4,32,,0,82,11,Matheson,0,58,8476875,-24,62,0.75609,D,5,28,20232024,2,2,0.05882,L,187,Mike Matheson,MTL,1533.1707
51,23,7,29,,0,103,7,Ceci,0,14,8476879,7,30,0.29126,D,0,0,20232024,0,1,0.05785,R,121,Cody Ceci,EDM,1192.165
52,19,11,24,0.36666,3,78,19,Wilson,0,149,8476880,-18,38,0.48717,R,6,12,20232024,2,2,0.10614,R,179,Tom Wilson,WSH,1088.9615
53,0,0,0,0.57608,0,7,1,Hertl,0,2,8476881,-6,1,0.14285,C,1,1,20232024,0,0,0.07142,L,14,Tomas Hertl,VGK,1113.1428
54,8,10,18,0.46829,0,74,11,Dewar,0,28,8480980,-8,19,0.25675,C,0,0,20232024,1,1,0.14285,L,77,Connor Dewar,"MIN,TOR",699.0
55,25,3,24,,0,85,4,Trouba,0,95,8476885,-4,29,0.34117,D,0,2,20232024,1,3,0.02721,R,147,Jacob Trouba,NYR,1271.7647
56,50,37,66,0.52173,12,88,50,Forsberg,3,45,8476887,16,100,1.13636,L,13,34,20232024,0,0,0.13736,R,364,Filip Forsberg,NSH,1140.5568
57,12,6,16,0.53791,3,82,8,Faksa,0,22,8476889,-1,20,0.2439,C,0,0,20232024,2,4,0.10126,L,79,Radek Faksa,DAL,747.4268
58,16,9,23,,4,82,10,Parayko,1,23,8476892,4,26,0.31707,D,0,1,20232024,1,2,0.06493,R,154,Colton Parayko,STL,1431.6463
59,6,1,4,,0,31,3,Chisholm,0,18,8480990,-7,9,0.29032,D,2,5,20232024,0,0,0.10344,L,29,Declan Chisholm,"WPG,MIN",991.7419
60,15,2,13,0.41935,0,71,6,Sundqvist,0,32,8476897,-6,21,0.29577,C,3,5,20232024,1,3,0.08823,R,68,Oskar Sundqvist,STL,794.9859
61,10,7,17,0.47368,1,61,7,Holmberg,0,20,8480995,8,17,0.27868,R,0,0,20232024,0,0,0.11666,L,60,Pontus Holmberg,TOR,695.0491
62,23,8,30,,0,101,8,Lindell,0,16,8476902,19,31,0.30693,D,0,0,20232024,0,1,0.05839,L,137,Esa Lindell,DAL,1276.6237
63,1,1,2,,0,26,1,Tucker,0,42,8481006,1,2,0.07692,D,0,0,20232024,0,0,0.05882,L,17,Tyler Tucker,STL,747.0384
64,17,1,17,,1,63,1,Pelech,1,31,8476917,-3,18,0.28571,D,0,0,20232024,0,1,0.01333,L,75,Adam Pelech,NYI,1226.5555
65,16,7,23,,0,86,7,Romanov,0,20,8481014,25,23,0.26744,D,0,0,20232024,0,0,0.05691,L,123,Alexander Romanov,NYI,1256.3837
66,1,0,0,,0,2,0,Iskhakov,0,0,8481016,0,1,0.5,C,0,1,20232024,0,0,0.0,L,2,Ruslan Iskhakov,NYI,604.5
67,15,14,29,0.4,4,92,14,Vesey,0,22,8476918,-3,29,0.31521,L,0,0,20232024,0,0,0.112,L,125,Jimmy Vesey,NYR,733.326
68,16,8,24,,2,83,8,Chatfield,0,36,8478970,14,24,0.28915,D,0,0,20232024,0,0,0.07619,R,105,Jalen Chatfield,CAR,951.5783
69,19,9,23,,1,67,9,Severson,0,51,8476923,-10,28,0.41791,D,0,3,20232024,0,2,0.10227,R,88,Damon Severson,CBJ,1268.8507
70,4,4,8,0.54716,0,43,4,Gustafsson,0,2,8481019,0,8,0.18604,C,0,0,20232024,0,0,0.12903,L,31,David Gustafsson,WPG,546.7674
71,20,10,25,0.52274,2,87,16,Sissons,0,44,8476925,-4,36,0.41379,C,3,7,20232024,3,4,0.11347,R,141,Colton Sissons,NSH,996.0919
72,33,19,47,0.46153,4,94,25,Marchment,0,64,8478975,19,58,0.61702,L,6,11,20232024,0,0,0.14367,L,174,Mason Marchment,DAL,913.4255
73,24,4,26,0.53223,0,81,6,Blueger,0,37,8476927,1,30,0.37037,C,0,0,20232024,2,4,0.0594,L,101,Teddy Blueger,VAN,879.9506
74,0,0,0,0.22222,0,6,0,Karlsson,0,2,8481024,-1,0,0.0,C,0,0,20232024,0,0,0.0,R,4,Linus Karlsson,VAN,604.0
75,20,8,26,0.0,3,80,9,McCabe,1,60,8476931,20,29,0.3625,D,1,2,20232024,0,1,0.11538,L,78,Jake McCabe,TOR,1243.275
76,16,8,24,0.45098,1,63,8,Pospisil,0,109,8481028,14,24,0.38095,C,0,0,20232024,0,0,0.06837,L,117,Martin Pospisil,CGY,763.1746
77,2,1,3,0.41666,0,24,1,McGinn,0,4,8476934,-5,3,0.125,L,0,0,20232024,0,0,0.04166,L,24,Brock McGinn,ANA,664.7083
78,18,5,21,0.49056,0,76,7,Cotter,0,41,8481032,-11,25,0.32894,C,2,4,20232024,0,0,0.07,L,100,Paul Cotter,VGK,763.6315
79,0,0,0,1.0,0,2,0,Kovalenko,0,0,8481042,-1,0,0.0,R,0,0,20232024,0,0,0.0,L,1,Nikolai Kovalenko,COL,408.0
80,33,5,37,,1,92,7,Slavin,0,10,8476958,26,40,0.43478,D,0,0,20232024,2,3,0.04022,L,174,Jaccob Slavin,CAR,1269.6956
81,7,2,7,0.46341,0,28,2,Athanasiou,0,7,8476960,-7,9,0.32142,C,0,2,20232024,0,0,0.04545,L,44,Andreas Athanasiou,CHI,785.8571
82,17,0,11,,0,54,0,Perunovich,0,12,8481059,1,17,0.31481,D,0,6,20232024,0,0,0.0,L,36,Scott Perunovich,STL,916.3148
83,20,4,23,,1,107,4,Kulak,0,44,8476967,-3,24,0.22429,D,0,1,20232024,0,0,0.03478,L,115,Brett Kulak,EDM,938.6728
84,28,22,35,0.39002,4,82,31,Sharangovich,1,8,8481068,-29,59,0.71951,C,6,17,20232024,3,7,0.17318,L,179,Yegor Sharangovich,CGY,1038.8902
85,11,9,18,0.48387,0,78,9,Anderson,0,74,8476981,-18,20,0.25641,R,0,2,20232024,0,0,0.06382,R,141,Josh Anderson,MTL,927.8076
86,2,0,2,,0,14,0,Benning,0,14,8476988,-5,2,0.14285,D,0,0,20232024,0,0,0.0,R,13,Matt Benning,SJS,1108.7857
87,8,2,9,0.31707,0,45,2,Harvey-Pinard,0,6,8481093,-2,10,0.22222,L,0,0,20232024,0,1,0.07692,L,26,Rafael Harvey-Pinard,MTL,758.2666
88,8,2,9,,0,42,2,Hutton,0,17,8477018,13,10,0.23809,D,0,1,20232024,0,0,0.02941,L,68,Ben Hutton,VGK,971.9523
89,4,1,5,,0,71,1,Benoit,0,60,8481122,4,5,0.07042,D,0,0,20232024,0,0,0.01694,L,59,Simon Benoit,TOR,1032.6901
90,5,2,6,,0,50,2,Pachal,0,51,8481167,-3,7,0.14,D,0,0,20232024,0,1,0.03846,R,52,Brayden Pachal,"VGK,CGY",880.6
91,1,2,3,1.0,1,45,2,MacDermid,0,73,8477073,4,3,0.06666,L,0,0,20232024,0,0,0.125,L,16,Kurtis MacDermid,"COL,NJD",289.9777
92,16,3,11,,1,66,5,Zamula,0,32,8481178,3,21,0.31818,D,2,9,20232024,0,1,0.08196,L,61,Egor Zamula,PHI,963.4393
93,12,10,22,0.45312,4,57,13,O'Connor,0,34,8481186,13,25,0.43859,R,0,0,20232024,3,3,0.15294,R,85,Logan O'Connor,COL,897.0175
94,2,3,5,,1,33,3,Ludvig,0,47,8481206,-12,5,0.15151,D,0,0,20232024,0,0,0.125,L,24,John Ludvig,PIT,708.3636
95,5,5,10,0.42508,0,37,5,MacLean,0,16,8481237,4,10,0.27027,C,0,0,20232024,0,0,0.15625,L,32,Kyle MacLean,NYI,620.0
96,19,10,24,0.1875,0,78,11,Johansson,0,22,8475149,-15,30,0.38461,L,1,6,20232024,0,0,0.09821,L,112,Marcus Johansson,MIN,953.2692
97,26,21,37,0.39473,8,87,31,Palmieri,1,38,8475151,-17,57,0.65517,C,10,20,20232024,0,0,0.13247,R,234,Kyle Palmieri,NYI,1041.6436
98,44,12,42,0.5352,1,88,27,O'Reilly,0,18,8475158,5,71,0.80681,C,15,29,20232024,0,0,0.14062,L,192,Ryan O'Reilly,NSH,1197.2386
99,37,20,46,0.58972,6,87,30,Tavares,1,32,8475166,2,67,0.77011,C,10,21,20232024,0,0,0.09966,L,301,John Tavares,TOR,1077.6551
100,69,10,49,,2,83,14,Hedman,0,76,8475167,17,83,1.0,D,4,33,20232024,0,1,0.0765,L,183,Victor Hedman,TBL,1491.6746
101,24,25,43,0.46067,3,97,28,Kane,1,122,8475169,-11,52,0.53608,L,2,8,20232024,1,1,0.10606,L,264,Evander Kane,EDM,984.0618
102,26,15,33,0.49347,3,82,20,Schenn,2,56,8475170,-22,46,0.56097,C,4,12,20232024,1,1,0.11764,L,170,Brayden Schenn,STL,1066.8536
103,46,19,53,0.48925,4,82,29,Kadri,2,43,8475172,0,75,0.91463,C,10,22,20232024,0,0,0.10469,L,277,Nazem Kadri,CGY,1105.5487
104,12,2,11,,1,66,3,Schmidt,0,16,8477220,5,15,0.22727,D,1,4,20232024,0,0,0.03797,L,79,Nate Schmidt,WPG,1004.5909
105,25,2,25,,0,82,3,Leddy,0,14,8475181,14,28,0.34146,D,0,1,20232024,1,2,0.03658,L,82,Nick Leddy,STL,1341.6951
106,40,23,46,0.34615,8,98,47,Kreider,1,32,8475184,16,87,0.88775,L,20,33,20232024,4,8,0.16491,L,285,Chris Kreider,NYR,1137.3571
107,25,6,28,,1,89,6,McNabb,0,37,8475188,23,31,0.34831,D,0,1,20232024,0,2,0.06,L,100,Brayden McNabb,VGK,1170.191
108,27,12,32,0.26315,3,76,13,Smith,0,18,8475191,3,40,0.52631,R,1,8,20232024,0,0,0.08552,L,152,Reilly Smith,PIT,968.0263
109,1,3,4,0.46634,0,33,3,Rooney,0,2,8479291,-4,4,0.12121,C,0,0,20232024,0,0,0.11111,L,27,Kevin Rooney,CGY,672.9393
110,9,7,14,0.3,0,66,7,Tanev,0,51,8479293,2,16,0.24242,L,0,0,20232024,0,2,0.09589,L,73,Brandon Tanev,SEA,875.2272
111,24,7,26,,1,93,8,Orlov,0,50,8475200,4,32,0.34408,D,0,5,20232024,1,1,0.05298,L,151,Dmitry Orlov,CAR,1064.6344
112,0,0,0,0.0,0,8,0,Bains,0,6,8483395,-5,0,0.0,L,0,0,20232024,0,0,0.0,L,4,Arshdeep Bains,VAN,708.375
113,0,1,1,0.25,0,1,1,McLaughlin,0,0,8483397,1,1,1.0,C,0,0,20232024,0,0,0.5,R,2,Marc McLaughlin,BOS,759.0
114,10,6,16,,1,80,6,Dumoulin,0,20,8475208,3,16,0.2,D,0,0,20232024,0,0,0.08695,L,69,Brian Dumoulin,SEA,1020.9375
115,0,0,0,,0,1,0,Scanlin,0,0,8483407,0,0,0.0,D,0,0,20232024,0,0,,L,0,Brandon Scanlin,NYR,646.0
116,39,12,50,,3,104,16,Ekholm,0,53,8475218,53,55,0.52884,D,3,4,20232024,1,1,0.07207,L,222,Mattias Ekholm,EDM,1276.125
117,78,25,71,0.27272,4,104,32,Tkachuk,0,119,8479314,19,110,1.05769,L,6,38,20232024,1,1,0.08815,L,363,Matthew Tkachuk,FLA,1116.3942
118,12,10,21,0.38888,3,55,10,Foligno,0,59,8475220,10,22,0.4,L,0,0,20232024,0,1,0.17857,L,56,Marcus Foligno,MIN,868.9272
119,7,9,13,0.45625,1,77,11,Kunin,0,83,8479316,-30,18,0.23376,C,2,5,20232024,0,0,0.11224,R,98,Luke Kunin,SJS,944.4415
120,41,52,80,0.53687,9,86,70,Matthews,3,22,8479318,33,111,1.29069,C,18,30,20232024,0,1,0.17994,L,389,Auston Matthews,TOR,1254.1976
121,64,10,43,,5,88,17,Fox,1,44,8479323,26,81,0.92045,D,6,36,20232024,1,2,0.10493,R,162,Adam Fox,NYR,1412.2613
122,17,3,19,,1,92,3,Lindgren,0,42,8479324,22,20,0.21739,D,0,0,20232024,0,1,0.03658,L,82,Ryan Lindgren,NYR,1168.9456
123,40,12,37,,4,87,13,McAvoy,2,106,8479325,0,53,0.60919,D,1,16,20232024,0,0,0.08333,R,156,Charlie McAvoy,BOS,1497.3793
124,14,10,23,0.53149,1,75,11,Cizikas,0,36,8475231,-3,25,0.33333,C,0,1,20232024,1,1,0.12643,L,87,Casey Cizikas,NYI,844.4533
125,4,5,9,0.375,1,27,5,Gauthier,0,8,8479328,-5,9,0.33333,R,0,0,20232024,0,0,0.15625,R,32,Julien Gauthier,NYI,610.1851
126,18,6,24,,0,60,6,Savard,0,24,8475233,-1,24,0.4,D,0,0,20232024,0,0,0.11111,R,54,David Savard,MTL,1214.4833
127,3,1,4,0.38461,0,60,1,Deslauriers,0,89,8475235,-7,4,0.06666,L,0,0,20232024,0,0,0.0204,L,49,Nicolas Deslauriers,PHI,488.9666
128,4,6,10,0.25,1,55,8,Grundstrom,0,12,8479336,-2,12,0.21818,R,1,1,20232024,1,1,0.0808,L,99,Carl Grundstrom,LAK,627.6909
129,40,16,48,0.42105,1,82,27,DeBrincat,0,34,8479337,1,67,0.81707,R,11,19,20232024,0,0,0.11392,R,237,Alex DeBrincat,DET,1073.5243
130,1,3,4,0.16666,0,22,3,Puljujarvi,0,6,8479344,2,4,0.18181,R,0,0,20232024,0,0,0.10344,R,29,Jesse Puljujarvi,PIT,551.3181
131,27,7,25,,2,82,14,Chychrun,0,60,8479345,-30,41,0.5,D,7,16,20232024,0,0,0.06862,L,204,Jakob Chychrun,OTT,1343.3902
132,1,0,1,,0,3,0,Clague,0,2,8479348,0,1,0.33333,D,0,0,20232024,0,0,0.0,L,2,Kale Clague,BUF,736.3333
133,1,0,1,0.0,0,1,0,Gauthier,0,0,8483445,1,1,1.0,L,0,0,20232024,0,0,0.0,L,3,Cutter Gauthier,ANA,924.0
134,12,7,19,0.44591,0,79,9,Howden,0,39,8479353,-10,21,0.26582,C,0,0,20232024,2,2,0.10843,L,83,Brett Howden,VGK,792.5696
135,15,6,20,0.46153,1,85,6,Malenstyn,0,27,8479359,-2,21,0.24705,L,0,0,20232024,0,1,0.05882,L,102,Beck Malenstyn,WSH,848.1882
136,2,0,2,,0,2,0,Hutson,0,0,8483457,-2,2,1.0,D,0,0,20232024,0,0,0.0,L,3,Lane Hutson,MTL,1363.0
137,24,19,43,0.43874,1,95,21,Frederic,0,89,8479365,14,45,0.47368,C,2,2,20232024,0,0,0.14893,L,141,Trent Frederic,BOS,822.3368
138,1,0,1,0.5,0,26,0,Lockwood,0,16,8479367,2,1,0.03846,R,0,0,20232024,0,0,0.0,R,19,William Lockwood,FLA,491.923
139,0,0,0,,0,1,0,Blidh,0,2,8477320,-1,0,0.0,L,0,0,20232024,0,0,0.0,L,1,Anton Blidh,NYR,321.0
140,9,1,9,,0,38,1,Peeke,0,14,8479369,-1,10,0.26315,D,0,0,20232024,0,1,0.02702,R,37,Andrew Peeke,"CBJ,BOS",983.921
141,10,5,8,,2,76,5,Korchinski,1,20,8483466,-39,15,0.19736,D,0,7,20232024,0,0,0.05376,L,93,Kevin Korchinski,CHI,1176.9868
142,10,3,13,,0,59,3,Fabbro,0,24,8479371,9,13,0.22033,D,0,0,20232024,0,0,0.04545,R,66,Dante Fabbro,NSH,972.0847
143,15,5,20,,1,77,5,Chiarot,1,56,8475279,-4,20,0.25974,D,0,0,20232024,0,0,0.04672,L,107,Ben Chiarot,DET,1186.6623
144,2,1,3,,0,28,1,Stanley,0,42,8479378,3,3,0.10714,D,0,0,20232024,0,0,0.03225,L,31,Logan Stanley,WPG,801.75
145,3,1,4,0.4,0,36,1,Smith,0,40,8479379,-13,4,0.11111,R,0,0,20232024,0,0,0.03225,L,31,Givani Smith,SJS,468.5555
146,6,2,7,,1,73,2,Burroughs,0,71,8477335,-42,8,0.10958,D,0,1,20232024,0,0,0.02531,R,79,Kyle Burroughs,SJS,1148.7397
147,19,14,30,0.5482,2,76,16,Haula,0,54,8475287,-1,35,0.46052,L,1,3,20232024,1,2,0.10322,L,155,Erik Haula,NJD,1012.671
148,36,23,46,0.33333,4,82,31,Kyrou,0,22,8479385,-12,67,0.81707,C,8,21,20232024,0,0,0.1235,R,251,Jordan Kyrou,STL,1099.9024
149,24,4,20,,0,63,4,Mintyukov,0,24,8483490,-20,28,0.44444,D,0,7,20232024,0,1,0.04545,L,88,Pavel Mintyukov,ANA,1130.6825
150,32,17,35,,2,82,20,Weegar,1,51,8477346,2,52,0.63414,D,3,15,20232024,0,2,0.09615,R,208,MacKenzie Weegar,CGY,1375.817
151,0,1,1,0.31818,0,3,1,Nazar,0,0,8483493,-4,1,0.33333,C,0,0,20232024,0,0,0.5,R,2,Frank Nazar,CHI,968.6666
152,18,3,20,,0,68,3,Girard,0,10,8479398,3,21,0.30882,D,0,1,20232024,0,0,0.03658,L,82,Samuel Girard,COL,1191.3823
153,16,3,17,,1,60,3,Nemec,0,33,8483495,-7,19,0.31666,D,0,2,20232024,0,0,0.04109,R,73,Simon Nemec,NJD,1191.7833
154,24,10,33,0.49525,4,87,17,Dubois,0,90,8479400,-9,41,0.47126,L,7,8,20232024,0,0,0.11333,L,150,Pierre-Luc Dubois,LAK,939.0919
155,1,1,2,0.0,1,4,1,Ohgren,0,0,8483499,0,2,0.5,L,0,0,20232024,0,0,0.125,L,8,Liam Ohgren,MIN,870.75
156,34,18,37,0.0,5,83,31,Ovechkin,1,20,8471214,-24,65,0.78313,L,13,28,20232024,0,0,0.11191,R,277,Alex Ovechkin,WSH,1154.3253
157,56,20,55,0.36363,7,82,27,Bratt,0,12,8479407,-6,83,1.01219,L,7,27,20232024,0,1,0.10887,L,248,Jesper Bratt,NJD,1158.439
158,40,21,49,0.48564,2,82,27,Malkin,0,70,8471215,5,67,0.81707,C,6,18,20232024,0,0,0.13567,L,199,Evgeni Malkin,PIT,1115.0731
159,10,5,14,0.437,1,33,5,Poitras,0,6,8483505,4,15,0.45454,C,0,1,20232024,0,0,0.125,R,40,Matthew Poitras,BOS,803.7575
160,20,15,34,0.43181,2,86,21,Lee,0,74,8475314,-2,41,0.47674,L,6,7,20232024,0,0,0.105,L,200,Anders Lee,NYI,936.3604
161,14,4,18,,1,79,4,Clifton,0,88,8477365,12,18,0.22784,D,0,0,20232024,0,0,0.05194,R,77,Connor Clifton,BUF,993.3544
162,7,5,12,0.51851,1,54,5,Bastian,0,32,8479414,-10,12,0.22222,R,0,0,20232024,0,0,0.08771,R,57,Nathan Bastian,NJD,609.9259
163,1,2,3,0.33333,0,9,3,Morelli,0,0,8481462,-3,4,0.44444,L,1,1,20232024,0,0,0.33333,L,9,Mason Morelli,VGK,645.2222
164,8,2,9,,0,52,3,Soucy,0,18,8477369,11,11,0.21153,D,1,2,20232024,0,0,0.09375,L,32,Carson Soucy,VAN,1042.0192
165,30,14,36,0.5,2,82,20,Slafkovsky,0,55,8483515,-19,50,0.60975,L,6,14,20232024,0,0,0.13157,L,152,Juraj Slafkovsky,MTL,1076.1463
166,27,18,38,0.43306,3,71,29,Thompson,0,43,8479420,-1,56,0.78873,C,9,16,20232024,2,2,0.11788,R,246,Tage Thompson,BUF,1087.0845
167,0,1,1,,0,24,1,Moverare,0,6,8479421,0,1,0.04166,D,0,0,20232024,0,0,0.0909,L,11,Jacob Moverare,LAK,626.7916
168,13,1,14,,0,79,1,Jensen,0,12,8475324,-10,14,0.17721,D,0,0,20232024,0,0,0.01388,R,72,Nick Jensen,WSH,1178.8481
169,44,4,39,,0,94,6,Hronek,0,44,8479425,30,50,0.53191,D,2,11,20232024,0,0,0.03726,R,161,Filip Hronek,VAN,1386.5531
170,13,5,17,0.50149,2,60,6,Brodzinski,0,8,8477380,-4,19,0.31666,C,1,2,20232024,0,0,0.06593,R,91,Jonny Brodzinski,NYR,660.05
171,8,4,12,0.60096,0,63,5,Sturm,0,12,8481477,-25,13,0.20634,C,0,0,20232024,1,1,0.07246,L,69,Nico Sturm,SJS,879.5555
172,10,12,22,0.48151,2,68,12,Dowd,0,53,8475343,-2,22,0.32352,C,0,0,20232024,0,0,0.19047,R,63,Nic Dowd,WSH,907.7352
173,10,4,14,0.5,1,49,4,Fasching,0,8,8477392,-7,14,0.28571,R,0,0,20232024,0,0,0.0909,R,44,Hudson Fasching,NYI,730.9183
174,36,17,42,0.37378,5,80,27,Buchnevich,2,48,8477402,3,63,0.7875,L,8,18,20232024,2,3,0.13043,L,207,Pavel Buchnevich,STL,1189.475
175,0,0,0,,0,2,0,Rifai,0,0,8483546,1,0,0.0,D,0,0,20232024,0,0,0.0,L,1,Marshall Rifai,TOR,699.5
176,5,4,7,0.5,0,11,4,Guentzel,0,16,8477404,4,9,0.81818,C,0,2,20232024,0,0,0.14285,L,28,Jake Guentzel,CAR,1197.7272
177,48,33,67,0.40625,10,100,45,Verhaeghe,2,56,8477409,12,93,0.93,C,12,26,20232024,0,0,0.13846,L,325,Carter Verhaeghe,FLA,1097.5
178,39,12,34,0.32142,3,82,20,Bjorkstrand,0,12,8477416,-20,59,0.71951,R,8,25,20232024,0,0,0.10752,R,186,Oliver Bjorkstrand,SEA,970.9756
179,0,1,1,0.0,0,4,1,Foote,0,0,8481518,-1,1,0.25,L,0,0,20232024,0,0,0.16666,L,6,Nolan Foote,NJD,606.0
180,0,0,0,0.21428,0,4,0,Merkulov,0,0,8483567,1,0,0.0,C,0,0,20232024,0,0,0.0,L,3,Georgii Merkulov,BOS,634.75
181,17,11,28,0.29545,2,85,12,Wood,1,88,8477425,-4,29,0.34117,L,0,0,20232024,1,1,0.06315,L,190,Miles Wood,COL,822.3176
182,13,4,17,0.46254,2,80,4,Krebs,0,67,8481522,2,17,0.2125,C,0,0,20232024,0,0,0.05405,L,74,Peyton Krebs,BUF,750.3375
183,2,0,2,0.375,0,2,0,Dach,0,0,8481523,2,2,1.0,C,0,0,20232024,0,0,0.0,R,3,Kirby Dach,MTL,781.0
184,18,11,28,,0,73,11,Byram,0,53,8481524,0,29,0.39726,D,0,1,20232024,0,0,0.13095,L,84,Bowen Byram,"COL,BUF",1220.5479
185,20,11,27,0.53546,3,79,13,Copp,0,26,8477429,-2,33,0.41772,C,1,3,20232024,1,3,0.11926,L,109,Andrew Copp,DET,976.4556
186,22,16,33,0.5415,2,87,26,Paul,0,33,8477426,-20,48,0.55172,L,10,15,20232024,0,0,0.15568,L,167,Nick Paul,TBL,1035.4482
187,29,13,34,0.45549,1,79,18,Cozens,1,42,8481528,-4,47,0.59493,C,2,10,20232024,3,3,0.09,R,200,Dylan Cozens,BUF,1033.5316
188,8,1,8,,0,26,1,Korczak,0,8,8481527,12,9,0.34615,D,0,1,20232024,0,0,0.03125,R,32,Kaedan Korczak,VGK,990.3076
189,11,3,14,,1,70,3,Graves,0,30,8477435,10,14,0.2,D,0,0,20232024,0,0,0.03896,L,77,Ryan Graves,PIT,1103.2714
190,9,5,14,0.38405,1,31,6,Zegras,0,30,8481533,-1,15,0.48387,C,1,1,20232024,0,0,0.08219,L,73,Trevor Zegras,ANA,1025.2903
191,0,0,0,0.0,0,7,0,Lavoie,0,2,8481534,-2,0,0.0,C,0,0,20232024,0,0,0.0,R,4,Raphael Lavoie,EDM,437.1428
192,13,25,38,,5,91,25,Hoglander,0,53,8481535,21,38,0.41758,L,0,0,20232024,0,0,0.19531,L,128,Nils Hoglander,VAN,711.0989
193,8,1,9,,1,52,1,Okhotiuk,0,48,8481537,-24,9,0.17307,D,0,0,20232024,0,0,0.01923,L,52,Nikita Okhotiuk,"SJS,CGY",954.75
194,37,19,44,0.4375,7,82,28,Caufield,3,16,8481540,-4,65,0.79268,R,9,21,20232024,0,0,0.08917,R,314,Cole Caufield,MTL,1165.2317
195,3,1,4,,0,34,2,Bolduc,0,6,8481541,-4,5,0.14705,D,1,1,20232024,0,0,0.0625,L,32,Samuel Bolduc,NYI,788.7058
196,33,6,24,,0,82,9,Seider,0,51,8481542,-7,42,0.51219,D,3,17,20232024,0,1,0.06666,R,135,Moritz Seider,DET,1341.5731
197,10,12,22,0.5302,3,76,12,McCarron,0,102,8477446,1,22,0.28947,R,0,0,20232024,0,0,0.11881,R,101,Michael McCarron,NSH,767.8815
198,9,2,7,0.5,1,49,7,Burakovsky,0,14,8477444,-15,16,0.32653,L,5,9,20232024,0,0,0.07608,L,92,Andre Burakovsky,SEA,873.8979
199,2,0,2,0.40659,0,23,0,Alexandrov,0,4,8481543,-4,2,0.08695,C,0,0,20232024,0,0,0.0,L,15,Nikita Alexandrov,STL,511.5652
200,13,20,33,0.5,4,82,22,Dickinson,0,43,8477450,4,35,0.42682,C,2,2,20232024,0,0,0.1746,L,126,Jason Dickinson,CHI,994.256
201,24,16,35,0.46962,3,74,21,Hartman,0,72,8477451,4,45,0.6081,R,5,10,20232024,0,0,0.12138,R,173,Ryan Hartman,MIN,991.0
202,20,10,22,,1,82,10,York,0,44,8481546,-13,30,0.36585,D,0,6,20232024,0,2,0.07462,L,134,Cam York,PHI,1357.1585
203,37,3,27,,1,54,5,Theodore,0,6,8477447,4,42,0.77777,D,2,15,20232024,0,0,0.04201,L,119,Shea Theodore,VGK,1326.2592
204,29,12,36,0.44754,0,77,19,Compher,0,34,8477456,-5,48,0.62337,L,5,10,20232024,2,2,0.17592,R,108,J.T. Compher,DET,1163.2987
205,7,13,20,0.56666,2,76,14,Kakko,0,24,8481554,2,21,0.27631,R,1,1,20232024,0,0,0.12727,L,110,Kaapo Kakko,NYR,782.9078
206,4,8,12,0.52857,1,64,8,Beecher,0,26,8481556,-10,12,0.1875,C,0,0,20232024,0,0,0.15686,L,51,John Beecher,BOS,638.5312
207,40,19,44,0.42045,7,75,29,Boldy,1,48,8481557,5,69,0.92,L,10,25,20232024,0,0,0.12775,L,227,Matt Boldy,MIN,1134.6666
208,47,18,43,0.37223,4,62,27,Hughes,2,12,8481559,-12,74,1.19354,C,9,31,20232024,0,0,0.09854,L,274,Jack Hughes,NJD,1258.4354
209,8,4,11,0.0,0,51,7,Kaliyev,0,14,8481560,-3,15,0.29411,R,3,4,20232024,0,0,0.0693,L,101,Arthur Kaliyev,LAK,708.1372
210,8,1,7,,0,51,3,Thrun,0,16,8481567,-22,11,0.21568,D,2,4,20232024,0,0,0.0625,L,48,Henry Thrun,SJS,1199.9803
211,14,2,14,,1,76,2,Vlasic,0,45,8481568,-4,16,0.21052,D,0,2,20232024,0,0,0.02816,L,71,Alex Vlasic,CHI,1288.7236
212,9,5,13,0.35294,0,59,5,Bailey,0,6,8477473,-15,14,0.23728,R,0,1,20232024,0,0,0.07142,R,70,Justin Bailey,SJS,676.8474
213,23,13,30,0.32432,2,56,22,Lehkonen,1,18,8477476,9,45,0.80357,L,9,15,20232024,0,0,0.16058,L,137,Artturi Lehkonen,COL,1152.0535
214,26,15,39,0.5118,2,91,18,Colton,0,63,8479525,-6,44,0.48351,C,3,5,20232024,0,0,0.1125,L,160,Ross Colton,COL,818.0329
215,15,16,26,0.42265,3,84,19,McMichael,0,36,8481580,-23,34,0.40476,C,2,6,20232024,1,2,0.12837,L,148,Connor McMichael,WSH,959.3095
216,36,13,40,,3,98,15,Harley,3,18,8481581,36,51,0.5204,D,1,9,20232024,1,2,0.0872,L,172,Thomas Harley,DAL,1294.0714
217,13,13,24,0.25,1,62,14,Robertson,0,4,8481582,2,27,0.43548,L,1,3,20232024,0,0,0.13084,L,107,Nicholas Robertson,TOR,673.4032
218,3,2,5,0.5,1,27,2,Jonsson-Fjallby,0,0,8479536,5,5,0.18518,L,0,0,20232024,0,0,0.08695,L,23,Axel Jonsson-Fjallby,WPG,484.0
219,99,44,99,0.46128,9,93,55,MacKinnon,2,46,8477492,34,154,1.65591,C,11,55,20232024,0,0,0.12195,R,451,Nathan MacKinnon,COL,1381.5913
220,71,24,62,0.56708,8,97,31,Barkov,0,32,8477493,32,102,1.05154,C,6,36,20232024,1,4,0.12204,L,254,Aleksander Barkov,FLA,1202.1134
221,51,26,69,0.40625,4,87,29,Hagel,1,81,8479542,-4,80,0.91954,L,2,8,20232024,1,3,0.15104,L,192,Brandon Hagel,TBL,1163.4367
222,9,3,12,0.42857,1,61,3,Pezzetta,0,59,8479543,4,12,0.19672,L,0,0,20232024,0,0,0.07142,L,42,Michael Pezzetta,MTL,467.754
223,23,5,22,,4,67,8,Jones,2,34,8477495,-15,31,0.46268,D,3,9,20232024,0,0,0.04651,R,172,Seth Jones,CHI,1529.0597
224,26,10,31,,2,106,12,Nurse,1,91,8477498,-6,38,0.35849,D,1,6,20232024,1,1,0.05357,L,224,Darnell Nurse,EDM,1270.415
225,3,1,4,,0,31,1,Ristolainen,0,8,8477499,-6,4,0.12903,D,0,0,20232024,0,0,0.02173,R,46,Rasmus Ristolainen,PHI,1001.4516
226,37,23,51,0.53957,6,86,34,Horvat,3,39,8477500,-3,71,0.82558,C,10,18,20232024,1,2,0.12686,L,268,Bo Horvat,NYI,1190.0813
227,18,5,21,0.50604,1,41,9,Pinto,1,14,8481596,9,27,0.65853,C,4,6,20232024,0,0,0.08181,R,110,Shane Pinto,OTT,1086.5609
228,3,2,4,,0,22,2,Broberg,0,0,8481598,5,5,0.22727,D,0,1,20232024,0,0,0.16666,L,12,Philip Broberg,EDM,810.9545
229,0,0,0,,0,4,0,Bjornfot,0,2,8481600,-2,0,0.0,D,0,0,20232024,0,0,0.0,L,1,Tobias Bjornfot,"LAK,VGK,FLA",828.5
230,10,10,18,0.28,3,78,15,Holmstrom,0,14,8481601,3,25,0.32051,R,0,0,20232024,5,7,0.20547,L,73,Simon Holmstrom,NYI,794.6923
231,17,3,16,,1,63,5,Pulock,0,12,8477506,4,22,0.3492,D,2,6,20232024,0,0,0.05434,R,92,Ryan Pulock,NYI,1362.6984
232,60,9,51,,1,86,13,Morrissey,0,46,8477504,31,73,0.84883,D,4,22,20232024,0,0,0.0625,L,208,Josh Morrissey,WPG,1452.3372
233,18,6,24,0.48767,2,71,7,Lazar,0,44,8477508,10,25,0.35211,C,0,0,20232024,1,1,0.09459,R,74,Curtis Lazar,NJD,743.3802
234,15,2,14,,1,71,2,LaCombe,0,24,8481605,-24,17,0.23943,D,0,2,20232024,0,1,0.03636,L,55,Jackson LaCombe,ANA,1162.6338
235,12,6,17,,0,66,6,Gudas,0,128,8475462,14,18,0.27272,D,0,0,20232024,0,1,0.06818,R,88,Radko Gudas,ANA,1170.2727
236,23,1,19,,0,76,2,Spence,0,12,8481606,7,25,0.32894,D,1,6,20232024,0,0,0.02352,R,85,Jordan Spence,LAK,870.4868
237,11,13,23,0.4,1,48,13,Dorofeyev,0,12,8481604,8,24,0.5,L,0,1,20232024,0,0,0.13402,L,97,Pavel Dorofeyev,VGK,788.9791
238,45,20,41,0.44444,8,93,32,Marchand,2,94,8473419,5,77,0.82795,L,9,32,20232024,3,4,0.14096,L,227,Brad Marchand,BOS,1140.086
239,20,8,20,0.52413,0,74,17,Foligno,0,57,8473422,-29,37,0.5,L,8,16,20232024,1,1,0.11643,L,146,Nick Foligno,CHI,1065.8783
240,2,0,2,0.375,0,21,0,Podkolzin,0,18,8481617,-3,2,0.09523,R,0,0,20232024,0,0,0.0,L,22,Vasily Podkolzin,VAN,635.5238
241,19,13,26,0.46544,2,55,15,Newhook,0,18,8481618,-11,34,0.61818,C,2,8,20232024,0,0,0.17647,L,85,Alex Newhook,MTL,1015.5818
242,3,1,4,0.5,0,68,1,Johnston,0,117,8477527,-12,4,0.05882,L,0,0,20232024,0,0,0.02272,L,44,Ross Johnston,ANA,491.8235
243,20,11,31,0.30303,1,89,11,Mikheyev,0,4,8481624,-3,31,0.34831,R,0,0,20232024,0,0,0.06962,L,158,Ilya Mikheyev,VAN,839.8202
244,14,9,21,0.4,2,86,11,Eyssimont,0,106,8479591,5,25,0.29069,C,2,4,20232024,0,0,0.06875,L,160,Michael Eyssimont,TBL,714.5116
245,25,6,30,0.40952,1,82,6,Protas,0,8,8481656,-2,31,0.37804,C,0,0,20232024,0,1,0.04958,L,121,Aliaksei Protas,WSH,828.317
246,6,7,13,0.47619,0,45,7,Walker,0,18,8477573,-1,13,0.28888,L,0,0,20232024,0,0,0.16279,L,43,Nathan Walker,STL,648.6
247,3,4,7,0.27272,1,28,6,Brazeau,0,14,8479638,5,9,0.32142,R,2,2,20232024,0,0,0.14285,R,42,Justin Brazeau,BOS,682.8571
248,0,0,0,,0,1,0,Coghlan,0,0,8479639,-2,0,0.0,D,0,0,20232024,0,0,0.0,R,3,Dylan Coghlan,CAR,1079.0
249,21,3,23,,0,73,3,Petry,0,39,8473507,-7,24,0.32876,D,0,0,20232024,0,1,0.03571,R,84,Jeff Petry,DET,1127.7123
250,43,16,42,0.57986,2,82,21,Giroux,1,26,8473512,-14,64,0.78048,R,3,19,20232024,2,3,0.11475,R,183,Claude Giroux,OTT,1205.5243
251,7,2,9,,1,31,2,Jones,0,8,8481708,1,9,0.29032,D,0,0,20232024,0,0,0.04761,L,42,Zac Jones,NYR,877.7096
252,8,6,13,0.35937,0,59,7,Jeannot,0,77,8479661,-12,15,0.25423,L,1,2,20232024,0,0,0.1129,L,62,Tanner Jeannot,TBL,707.7627
253,16,12,26,0.42161,2,75,18,Voronkov,0,52,8481716,-6,34,0.45333,L,6,8,20232024,0,0,0.12676,L,142,Dmitri Voronkov,CBJ,807.4133
254,7,4,11,0.25,1,54,5,Olivier,0,70,8479671,-4,12,0.22222,R,0,0,20232024,1,1,0.0909,R,55,Mathieu Olivier,CBJ,676.9259
255,26,28,49,0.30612,5,87,32,Moore,0,32,8479675,10,58,0.66666,L,2,7,20232024,2,2,0.12355,L,259,Trevor Moore,LAK,1075.0574
256,21,10,27,0.57738,3,91,11,Staal,0,48,8473533,-10,32,0.35164,C,0,1,20232024,1,4,0.07284,L,151,Jordan Staal,CAR,932.0109
257,0,2,2,,0,11,2,Edstrom,0,2,8481726,2,2,0.18181,C,0,0,20232024,0,0,0.28571,L,7,Adam Edstrom,NYR,504.6363
258,37,11,36,0.0,5,63,19,Stone,1,24,8475913,-1,56,0.88888,R,6,16,20232024,2,4,0.1496,R,127,Mark Stone,VGK,1157.5555
259,1,0,1,0.5238,0,8,0,Backstrom,0,2,8473563,-3,1,0.125,C,0,0,20232024,0,0,0.0,L,12,Nicklas Backstrom,WSH,873.5
260,24,14,27,1.0,4,72,22,Kuzmenko,1,12,8483808,-9,46,0.63888,L,8,19,20232024,0,0,0.18181,R,121,Andrei Kuzmenko,"VAN,CGY",893.0555
261,9,11,20,0.47126,1,77,11,Kartye,0,37,8481789,-1,20,0.25974,L,0,0,20232024,0,0,0.10091,L,109,Tye Kartye,SEA,710.1558
262,1,2,3,0.61764,1,30,2,MacEwen,0,57,8479772,-4,3,0.1,R,0,0,20232024,0,0,0.11764,R,17,Zack MacEwen,OTT,383.9666
263,51,7,30,0.375,1,69,12,Zuccarello,0,30,8475692,-5,63,0.91304,R,5,33,20232024,0,0,0.06936,L,173,Mats Zuccarello,MIN,1133.5507
264,11,9,18,0.5,3,59,10,Jarnkrok,1,18,8475714,14,21,0.35593,C,0,1,20232024,1,2,0.09433,R,106,Calle Jarnkrok,TOR,906.1694
265,5,0,5,,0,38,0,Holl,0,22,8475718,8,5,0.13157,D,0,0,20232024,0,0,0.0,R,14,Justin Holl,DET,904.921
266,2,1,3,0.0,0,20,1,Rondbjerg,0,0,8480007,2,3,0.15,R,0,0,20232024,0,0,0.04,L,25,Jonas Rondbjerg,VGK,676.6
267,2,3,5,0.46341,1,10,4,Kuznetsov,0,4,8475744,1,6,0.6,C,1,1,20232024,0,0,0.2,L,20,Evgeny Kuznetsov,CAR,689.8
268,39,18,47,0.51072,5,95,26,Coyle,0,50,8475745,-2,65,0.68421,C,7,13,20232024,1,5,0.15568,R,167,Charlie Coyle,BOS,1090.1368
269,7,4,11,,0,65,4,Merrill,0,30,8475750,0,11,0.16923,D,0,0,20232024,0,0,0.09523,L,42,Jon Merrill,MIN,766.8307
270,28,1,22,,1,60,2,Faulk,0,39,8475753,-2,30,0.5,D,1,7,20232024,0,1,0.01515,R,132,Justin Faulk,STL,1317.7333
271,37,26,51,0.45539,2,87,36,Nelson,1,38,8475754,-7,73,0.83908,C,9,20,20232024,1,2,0.14007,L,257,Brock Nelson,NYI,1091.7011
272,0,0,0,,0,8,0,Petrovic,0,2,8475755,0,0,0.0,D,0,0,20232024,0,0,0.0,R,6,Alexander Petrovic,DAL,728.125
273,4,1,5,,0,42,1,Hanley,0,30,8477810,3,5,0.11904,D,0,0,20232024,0,0,0.05263,L,19,Joel Hanley,"DAL,CGY",833.7142
274,16,13,24,0.5704,2,79,13,Hayes,0,12,8475763,0,29,0.36708,R,0,5,20232024,0,0,0.08496,L,153,Kevin Hayes,STL,868.0126
275,34,3,20,,0,81,5,Fowler,0,24,8475764,-36,39,0.48148,D,2,18,20232024,0,1,0.04587,L,109,Cam Fowler,ANA,1465.3703
276,17,6,20,0.57142,0,62,13,Schwartz,0,24,8475768,-15,30,0.48387,C,7,10,20232024,0,0,0.11111,L,117,Jaden Schwartz,SEA,981.7419
277,52,32,71,0.58226,3,82,42,Crosby,0,40,8471675,7,94,1.14634,C,10,23,20232024,0,0,0.15107,L,278,Sidney Crosby,PIT,1205.2073
278,1,1,2,0.57746,0,15,1,Wagner,0,9,8475780,3,2,0.13333,R,0,0,20232024,0,0,0.0625,R,16,Chris Wagner,COL,457.4
279,46,17,47,0.55294,7,86,27,Kopitar,1,26,8471685,11,73,0.84883,C,9,23,20232024,1,3,0.19014,L,142,Anze Kopitar,LAK,1180.7325
280,29,49,73,0.47058,10,105,70,Hyman,1,60,8475786,48,99,0.94285,L,21,26,20232024,0,0,0.18421,R,380,Zach Hyman,EDM,1197.3333
281,20,6,25,,1,78,6,Gudbranson,0,74,8475790,-14,26,0.33333,D,0,0,20232024,0,1,0.06593,R,91,Erik Gudbranson,CBJ,1179.6025
282,2,2,3,0.66666,1,10,2,Hall,0,4,8475791,-3,4,0.4,L,0,1,20232024,0,0,0.1,L,20,Taylor Hall,CHI,979.8
283,11,4,15,0.36363,0,57,4,Sheary,0,12,8477839,-3,15,0.26315,L,0,0,20232024,0,0,0.08,L,50,Conor Sheary,TBL,666.1403
284,10,9,16,0.53144,4,63,13,Johansen,0,34,8475793,-6,23,0.36507,C,4,6,20232024,0,1,0.16666,R,78,Ryan Johansen,COL,818.5714
285,35,26,52,0.5625,5,87,30,Seguin,0,28,8475794,19,65,0.74712,C,3,10,20232024,1,3,0.14084,R,213,Tyler Seguin,DAL,1001.5402
286,14,5,15,0.28888,4,56,12,Oshie,0,48,8471698,-8,26,0.46428,R,7,11,20232024,0,0,0.12903,R,93,T.J. Oshie,WSH,1019.4285
287,14,0,13,,0,73,0,van Riemsdyk,0,18,8477845,-10,14,0.19178,D,0,0,20232024,0,1,0.0,R,77,Trevor van Riemsdyk,WSH,1113.0273
288,48,11,36,0.46768,1,69,12,Granlund,1,32,8475798,-23,60,0.86956,C,1,23,20232024,0,1,0.08955,L,134,Mikael Granlund,SJS,1257.5652
289,18,15,32,0.46031,3,82,18,Niederreiter,0,38,8475799,7,36,0.43902,R,3,4,20232024,0,0,0.10055,L,179,Nino Niederreiter,WPG,892.7317
290,6,6,12,,1,57,6,Vlasic,0,26,8471709,-27,12,0.21052,D,0,0,20232024,0,0,0.08333,L,72,Marc-Edouard Vlasic,SJS,976.8421
291,28,24,46,0.25,3,62,28,Rust,1,20,8475810,10,56,0.90322,R,3,9,20232024,1,1,0.14285,R,196,Bryan Rust,PIT,1174.6935
292,41,10,45,,2,82,10,Letang,0,62,8471724,13,51,0.62195,D,0,5,20232024,0,1,0.06097,R,164,Kris Letang,PIT,1481.3048
293,1,0,1,0.5,0,12,0,Brown,0,4,8477887,-3,1,0.08333,C,0,0,20232024,0,0,0.0,R,7,Patrick Brown,BOS,527.6666
294,16,10,26,0.48459,1,71,10,Danforth,0,26,8479941,-10,26,0.36619,R,0,0,20232024,0,0,0.11627,R,86,Justin Danforth,CBJ,856.4225
295,15,15,27,0.41176,2,77,16,Gallagher,0,74,8475848,-24,31,0.40259,R,1,4,20232024,0,0,0.10389,R,154,Brendan Gallagher,MTL,827.4415
296,13,6,19,0.4375,0,73,6,Fast,0,16,8475855,0,19,0.26027,R,0,0,20232024,0,0,0.07594,R,79,Jesper Fast,CAR,756.2739
297,10,6,14,0.66666,1,82,7,Hathaway,0,132,8477903,-7,17,0.20731,R,0,0,20232024,1,3,0.06796,R,103,Garnet Hathaway,PHI,749.2926
298,10,3,8,0.49908,1,67,5,Gaudreau,0,12,8477919,-23,15,0.22388,C,2,7,20232024,0,0,0.04761,R,105,Frederick Gaudreau,MIN,836.5373
299,4,5,9,0.49397,1,46,5,Lettieri,0,24,8479968,-7,9,0.19565,C,0,0,20232024,0,0,0.10638,R,47,Vinni Lettieri,MIN,575.1521
300,19,4,19,,1,75,5,Ekblad,0,66,8477932,31,24,0.32,D,1,4,20232024,0,1,0.03816,R,131,Aaron Ekblad,FLA,1284.1466
301,2,2,4,,0,39,2,Gadjovich,0,104,8479981,0,4,0.10256,L,0,0,20232024,0,0,0.06896,L,29,Jonah Gadjovich,FLA,445.8717
302,86,24,81,0.55118,9,106,51,Draisaitl,2,90,8477934,26,137,1.29245,C,27,54,20232024,0,2,0.17586,L,290,Leon Draisaitl,EDM,1251.5943
303,43,31,65,0.44617,13,106,67,Reinhart,4,43,8477933,27,110,1.03773,C,31,39,20232024,5,6,0.21543,R,311,Sam Reinhart,FLA,1235.8962
304,28,21,39,0.46105,3,88,27,Bennett,0,112,8477935,16,55,0.625,C,6,16,20232024,0,0,0.12918,L,209,Sam Bennett,FLA,989.4886
305,18,3,21,,0,78,3,Ferraro,0,36,8479983,-38,21,0.26923,D,0,0,20232024,0,0,0.02419,L,124,Mario Ferraro,SJS,1372.1666
306,9,1,8,,0,25,1,Timmins,0,18,8479982,9,10,0.4,D,0,2,20232024,0,0,0.04,R,25,Conor Timmins,TOR,961.28
307,23,16,31,0.44389,1,89,21,Geekie,0,34,8479987,6,44,0.49438,C,5,13,20232024,0,0,0.14093,R,149,Morgan Geekie,BOS,935.4606
308,58,29,62,0.48,8,86,43,Nylander,2,28,8477939,3,101,1.17441,R,11,35,20232024,3,4,0.12874,R,334,William Nylander,TOR,1199.8953
309,10,2,12,,1,74,2,Hague,0,43,8479980,-5,12,0.16216,D,0,0,20232024,0,0,0.01886,L,106,Nicolas Hague,VGK,1110.8243
310,45,19,45,0.26315,2,87,30,Fiala,1,66,8477942,2,75,0.86206,L,11,30,20232024,0,0,0.12448,L,241,Kevin Fiala,LAK,1084.0919
311,0,0,0,,0,1,0,Leschyshyn,0,0,8479991,-1,0,0.0,C,0,0,20232024,0,0,,L,0,Jake Leschyshyn,NYR,388.0
312,20,12,29,0.48333,3,75,13,Rasmussen,0,47,8479992,8,33,0.44,C,0,0,20232024,1,4,0.12871,L,101,Michael Rasmussen,DET,911.4533
313,38,25,56,0.26666,7,87,25,Ehlers,1,29,8477940,23,63,0.72413,L,0,7,20232024,0,0,0.10121,L,247,Nikolaj Ehlers,WPG,952.4252
314,36,17,41,0.55375,5,68,33,Larkin,2,39,8477946,5,69,1.0147,C,14,26,20232024,2,2,0.14932,L,221,Dylan Larkin,DET,1210.3529
315,8,12,19,0.0,2,53,15,Milano,0,10,8477947,2,23,0.43396,L,3,4,20232024,0,0,0.28846,L,52,Sonny Milano,WSH,744.0377
316,7,6,12,0.46082,1,41,6,Glass,0,20,8479996,-9,13,0.31707,C,0,1,20232024,0,0,0.07317,R,82,Cody Glass,NSH,805.9268
317,37,19,47,0.4,7,75,22,Tuch,0,54,8477949,9,59,0.78666,R,2,11,20232024,1,1,0.11458,R,192,Alex Tuch,BUF,1170.2266
318,18,3,20,,0,79,3,Anderson,0,20,8479998,21,21,0.26582,D,0,0,20232024,0,1,0.03061,L,98,Mikey Anderson,LAK,1235.6962
319,39,15,48,0.47064,1,80,18,Mittelstadt,0,32,8479999,10,57,0.7125,C,3,9,20232024,0,0,0.14173,L,127,Casey Mittelstadt,"BUF,COL",1063.775
320,14,13,20,0.58333,3,68,18,Fabbri,0,32,8477952,-13,32,0.47058,C,5,12,20232024,0,0,0.18556,L,97,Robby Fabbri,DET,772.1029
321,34,9,35,,3,81,10,Sanheim,0,48,8477948,-20,44,0.5432,D,0,5,20232024,1,4,0.06849,L,146,Travis Sanheim,PHI,1428.3209
322,40,20,49,0.56596,4,71,27,Hischier,0,12,8480002,-5,67,0.94366,C,6,17,20232024,1,1,0.14835,L,182,Nico Hischier,NJD,1168.9295
323,33,18,37,0.47882,3,80,29,McCann,1,31,8477955,-10,62,0.775,L,9,23,20232024,2,2,0.13425,L,216,Jared McCann,SEA,1005.6625
324,67,38,81,0.4,6,95,51,Pastrnak,1,72,8477956,21,118,1.2421,R,13,37,20232024,0,0,0.12056,R,423,David Pastrnak,BOS,1193.4947
325,17,15,31,0.46666,2,79,16,O'Connor,0,20,8482055,14,33,0.41772,L,0,0,20232024,1,2,0.1,L,160,Drew O'Connor,PIT,944.7341
326,48,24,49,0.23076,4,82,32,Kempe,1,76,8477960,12,80,0.9756,R,5,27,20232024,3,4,0.11985,L,267,Adrian Kempe,LAK,1139.2195
327,25,15,31,0.34285,3,81,16,Tolvanen,0,24,8480009,-15,41,0.50617,R,1,10,20232024,0,0,0.10457,L,153,Eeli Tolvanen,SEA,938.5308
328,2,3,5,0.26666,1,32,3,Lemieux,0,64,8477962,0,5,0.15625,L,0,0,20232024,0,0,0.10344,L,29,Brendan Lemieux,CAR,480.4062
329,6,8,13,0.4,0,52,8,Kostin,0,53,8480011,-12,14,0.26923,C,0,1,20232024,0,0,0.18604,L,43,Klim Kostin,"DET,SJS",654.5576
330,3,4,7,1.0,0,54,4,Reaves,0,51,8471817,-14,7,0.12962,R,0,0,20232024,0,0,0.14285,R,28,Ryan Reaves,TOR,485.6111
331,60,21,60,0.50721,10,95,35,Pettersson,2,14,8480012,20,95,1.0,C,14,33,20232024,0,2,0.15283,L,229,Elias Pettersson,VAN,1174.7684
332,14,8,20,0.27777,4,85,9,Smith,0,63,8482062,4,23,0.27058,L,0,0,20232024,1,3,0.07692,L,117,Cole Smith,NSH,820.4352
333,25,23,45,0.42222,4,78,28,Tippett,1,12,8480015,-5,53,0.67948,R,5,8,20232024,0,0,0.09688,R,289,Owen Tippett,PHI,995.1666
334,30,16,44,0.41758,3,89,19,Barbashev,0,42,8477964,18,49,0.55056,C,3,5,20232024,0,0,0.14615,L,130,Ivan Barbashev,VGK,961.0786
335,26,4,30,,1,82,4,Pettersson,1,44,8477969,28,30,0.36585,D,0,0,20232024,0,0,0.03773,L,106,Marcus Pettersson,PIT,1360.256
336,44,21,46,0.52555,1,82,33,Suzuki,1,36,8480018,-14,77,0.93902,C,12,31,20232024,0,0,0.17837,R,185,Nick Suzuki,MTL,1275.8414
337,10,1,11,,0,87,1,Englund,0,90,8477971,-2,11,0.12643,D,0,0,20232024,0,0,0.02439,L,41,Andreas Englund,LAK,792.839
338,0,0,0,,0,1,0,Mackey,0,5,8482067,1,0,0.0,D,0,0,20232024,0,0,0.0,L,1,Connor Mackey,NYR,987.0
339,18,13,25,0.45,5,52,22,Vilardi,0,20,8480014,7,40,0.76923,C,9,15,20232024,0,0,0.1746,R,126,Gabriel Vilardi,WPG,1020.7307
340,3,4,7,0.0,0,35,4,Chaffee,0,6,8482070,1,7,0.2,R,0,0,20232024,0,0,0.12903,R,31,Mitchell Chaffee,TBL,682.8285
341,60,17,56,0.53123,3,82,26,Thomas,0,48,8480023,9,86,1.04878,C,8,27,20232024,1,3,0.15294,R,170,Robert Thomas,STL,1257.9878
342,16,4,20,,1,98,5,Schneider,0,32,8482073,-1,21,0.21428,D,0,0,20232024,1,1,0.04545,R,110,Braden Schneider,NYR,969.9489
343,20,13,30,0.44036,3,63,14,Zary,0,22,8482074,12,34,0.53968,C,1,4,20232024,0,0,0.15555,L,90,Connor Zary,CGY,916.4126
344,61,24,62,,6,101,35,Robertson,0,22,8480027,17,96,0.95049,L,11,34,20232024,0,0,0.12635,L,277,Jason Robertson,DAL,1115.4455
345,28,10,30,0.49453,1,71,13,Frost,0,22,8480028,4,41,0.57746,C,3,11,20232024,0,0,0.09629,L,135,Morgan Frost,PHI,949.6197
346,5,10,15,0.52631,0,63,11,Holloway,0,37,8482077,3,16,0.25396,L,1,1,20232024,0,0,0.12941,L,85,Dylan Holloway,EDM,685.5396
347,41,25,56,0.4,4,82,31,Raymond,3,30,8482078,-12,72,0.87804,L,6,16,20232024,0,0,0.19018,R,163,Lucas Raymond,DET,1065.1951
348,19,19,34,0.44726,2,82,21,Rossi,1,47,8482079,-4,40,0.4878,C,2,6,20232024,0,0,0.12574,L,167,Marco Rossi,MIN,1003.8048
349,17,3,19,,1,74,3,Jokiharju,1,24,8480035,14,20,0.27027,D,0,0,20232024,0,1,0.03571,R,84,Henri Jokiharju,BUF,1138.7972
350,55,10,42,,2,90,15,Heiskanen,0,44,8480036,8,70,0.77777,D,5,28,20232024,0,0,0.07281,L,206,Miro Heiskanen,DAL,1518.5888
351,4,4,8,0.57771,0,30,5,Dvorak,0,4,8477989,-5,9,0.3,C,1,1,20232024,0,0,0.14285,L,35,Christian Dvorak,MTL,931.8666
352,18,11,27,0.44144,0,78,12,Donato,0,26,8477987,-14,30,0.38461,C,1,3,20232024,0,0,0.08053,L,149,Ryan Donato,CHI,839.9487
353,16,6,22,,1,70,6,Guhle,1,56,8482087,-8,22,0.31428,D,0,0,20232024,0,0,0.06315,L,95,Kaiden Guhle,MTL,1251.0428
354,34,20,47,0.33793,3,88,28,Necas,2,42,8480039,-9,62,0.70454,C,8,15,20232024,0,0,0.1098,R,255,Martin Necas,CAR,1042.7386
355,0,0,0,,0,3,0,Sourdif,0,0,8482088,0,0,0.0,R,0,0,20232024,0,0,0.0,R,2,Justin Sourdif,FLA,530.3333
356,11,19,24,0.37931,4,77,27,Neighbours,0,21,8482089,-16,38,0.4935,L,8,14,20232024,0,0,0.1862,L,145,Jake Neighbours,STL,942.4155
357,21,3,16,,1,61,3,Liljegren,0,18,8480043,2,24,0.39344,D,0,7,20232024,0,1,0.04838,R,62,Timothy Liljegren,TOR,1169.2131
358,13,10,23,0.43875,1,72,13,Greig,0,66,8482092,10,26,0.36111,C,2,2,20232024,1,1,0.13402,L,97,Ridly Greig,OTT,884.5833
359,38,21,49,0.4421,9,92,38,Jarvis,1,14,8482093,25,76,0.82608,C,15,24,20232024,2,3,0.18905,R,201,Seth Jarvis,CAR,1138.1195
360,39,18,40,0.38909,2,68,22,Bedard,1,28,8484144,-44,61,0.89705,C,4,21,20232024,0,0,0.10679,R,206,Connor Bedard,CHI,1187.0
361,19,11,28,0.29411,1,71,11,Benson,0,36,8484145,-3,30,0.42253,L,0,2,20232024,0,0,0.11224,L,98,Zach Benson,BUF,871.0422
362,10,8,16,0.33333,2,27,9,Quinn,0,8,8482097,-1,19,0.7037,R,1,3,20232024,0,0,0.16071,R,56,Jack Quinn,BUF,938.4814
363,17,1,16,,0,83,1,Samberg,0,43,8480049,9,18,0.21686,D,0,1,20232024,0,1,0.0125,L,80,Dylan Samberg,WPG,937.9156
364,0,0,0,,0,1,0,Brindley,0,0,8484149,0,0,0.0,C,0,0,20232024,0,0,,R,0,Gavin Brindley,CBJ,740.0
365,3,4,6,0.46031,1,25,4,Sgarbossa,0,2,8475958,0,7,0.28,C,0,1,20232024,0,0,0.14814,L,27,Michael Sgarbossa,WSH,658.24
366,17,8,20,0.34759,0,55,12,Carlsson,0,16,8484153,-11,29,0.52727,C,4,9,20232024,0,0,0.11009,L,109,Leo Carlsson,ANA,1086.5454
367,28,7,24,1.0,3,79,10,Sanderson,1,23,8482105,8,38,0.48101,D,3,14,20232024,0,0,0.06329,L,158,Jake Sanderson,OTT,1393.1012
368,47,33,61,0.45494,12,86,48,Point,0,16,8478010,-17,95,1.10465,C,15,34,20232024,0,0,0.20083,R,239,Brayden Point,TBL,1204.3604
369,35,34,62,0.27631,5,98,36,Lafrenière,1,46,8482109,4,71,0.72448,L,2,9,20232024,0,0,0.13846,L,260,Alexis Lafrenière,NYR,1030.2346
370,13,16,28,0.44905,2,82,20,Mercer,0,29,8482110,-26,33,0.40243,C,4,5,20232024,0,0,0.14925,R,134,Dawson Mercer,NJD,1033.0487
371,9,11,16,,3,63,12,Walman,2,44,8478013,-2,21,0.33333,D,1,4,20232024,0,1,0.11111,L,108,Jake Walman,DET,1186.1587
372,36,15,43,0.54222,2,102,16,Lundell,1,58,8482113,27,52,0.5098,C,1,8,20232024,0,1,0.08205,L,195,Anton Lundell,FLA,934.2941
373,14,11,17,0.52146,3,50,16,Norris,0,22,8480064,-6,30,0.6,C,5,12,20232024,0,1,0.13913,L,115,Josh Norris,OTT,1058.24
374,1,0,1,,0,23,0,Friedman,0,21,8478017,4,1,0.04347,D,0,0,20232024,0,0,0.0,R,16,Mark Friedman,VAN,733.9565
375,52,17,50,0.46679,2,75,18,Stützle,2,28,8482116,-17,70,0.93333,C,1,20,20232024,0,0,0.09375,L,192,Tim Stützle,OTT,1267.1066
376,79,15,54,,2,88,26,Makar,0,16,8480069,12,105,1.19318,D,10,47,20232024,1,4,0.09737,R,267,Cale Makar,COL,1502.7272
377,0,1,1,,0,3,1,Colangelo,0,2,8482118,0,1,0.33333,R,0,0,20232024,0,0,0.14285,R,7,Sam Colangelo,ANA,753.3333
378,2,0,2,,0,13,0,Mitchell,0,10,8480070,6,2,0.15384,D,0,0,20232024,0,0,0.0,R,11,Ian Mitchell,BOS,918.4615
379,15,11,24,0.43622,1,49,12,Fantilli,0,16,8484166,-21,27,0.55102,C,1,3,20232024,0,0,0.10434,L,115,Adam Fantilli,CBJ,942.6122
380,17,7,22,0.49147,1,77,11,Poehling,0,6,8480068,-11,28,0.36363,C,1,2,20232024,3,4,0.09909,L,111,Ryan Poehling,PHI,899.7402
381,39,5,31,,1,82,8,Faber,0,26,8482122,-1,47,0.57317,D,3,16,20232024,0,0,0.05882,R,136,Brock Faber,MIN,1498.4512
382,18,10,26,0.31578,1,78,12,Texier,0,38,8480074,-5,30,0.38461,C,0,2,20232024,2,2,0.11009,L,109,Alexandre Texier,CBJ,910.8461
383,39,14,45,0.45918,4,85,20,Byfield,0,46,8482124,23,59,0.69411,R,6,14,20232024,0,0,0.11834,L,169,Quinton Byfield,LAK,988.0117
384,12,15,26,0.29629,3,82,16,Holtz,0,14,8482125,-15,28,0.34146,R,1,2,20232024,0,0,0.13114,R,122,Alexander Holtz,NJD,698.0975
385,6,0,5,0.41891,0,16,0,Chytil,0,6,8480078,-3,6,0.375,C,0,1,20232024,0,0,0.0,L,30,Filip Chytil,NYR,887.875
386,5,2,7,,1,34,2,DeSimone,0,4,8480084,3,7,0.20588,D,0,0,20232024,0,0,0.07142,R,28,Nick DeSimone,"CGY,NJD",808.8529
387,43,12,48,,2,92,13,Toews,0,20,8478038,32,56,0.60869,D,0,5,20232024,1,3,0.07344,L,177,Devon Toews,COL,1417.2717
388,5,2,4,0.528,1,27,6,Bordeleau,0,18,8482133,-18,11,0.4074,C,4,7,20232024,0,0,0.125,L,48,Thomas Bordeleau,SJS,901.4444
389,7,2,7,,0,34,3,Drysdale,0,8,8482142,-20,10,0.29411,D,1,2,20232024,0,1,0.05454,R,55,Jamie Drysdale,"ANA,PHI",1177.4117
390,36,12,34,0.30434,3,81,19,Bunting,0,57,8478047,-19,55,0.67901,L,7,21,20232024,0,0,0.11309,L,168,Michael Bunting,"CAR,PIT",941.1358
391,0,0,0,0.33333,0,2,0,Bourque,0,0,8482145,0,0,0.0,C,0,0,20232024,0,0,0.0,R,4,Mavrik Bourque,DAL,566.0
392,23,14,30,0.25,1,86,17,Evangelista,0,20,8482146,0,40,0.46511,R,3,10,20232024,0,0,0.09139,R,186,Luke Evangelista,NSH,834.9069
393,0,1,1,,0,4,1,Foudy,0,0,8482147,1,1,0.25,C,0,0,20232024,0,0,0.5,R,2,Jean-Luc Foudy,COL,386.25
394,19,14,27,0.37254,3,72,19,Perfetti,0,12,8482149,13,38,0.52777,C,5,11,20232024,0,0,0.13103,L,145,Cole Perfetti,WPG,813.0972
395,38,13,49,,2,103,14,Forsling,1,55,8478055,65,52,0.50485,D,1,2,20232024,0,1,0.06635,L,211,Gustav Forsling,FLA,1346.3398
396,18,21,39,0.475,6,76,22,Joshua,0,70,8478057,20,40,0.52631,C,1,1,20232024,0,0,0.23655,L,93,Dakota Joshua,VAN,877.8815
397,6,1,6,0.5,1,15,2,Brisson,0,2,8482153,-5,8,0.53333,C,1,2,20232024,0,0,0.1,L,20,Brendan Brisson,VGK,740.2
398,0,0,0,,0,1,0,Nadeau,0,0,8484203,-3,0,0.0,L,0,0,20232024,0,0,0.0,R,3,Bradly Nadeau,CAR,1148.0
399,12,13,22,0.5,2,86,13,Laferriere,0,46,8482155,-14,25,0.29069,R,0,3,20232024,0,0,0.0828,R,157,Alex Laferriere,LAK,792.9534
400,9,13,21,0.27272,2,97,14,Cuylle,0,64,8482157,0,23,0.23711,L,1,2,20232024,0,0,0.10218,L,137,Will Cuylle,NYR,669.1237
401,13,15,24,0.33333,2,77,20,Foerster,0,32,8482159,0,33,0.42857,R,4,8,20232024,1,1,0.11976,R,167,Tyson Foerster,PHI,1036.1298
402,17,9,22,0.32,2,87,11,Iafallo,0,6,8480113,13,28,0.32183,L,2,5,20232024,0,1,0.0909,L,121,Alex Iafallo,WPG,903.4022
403,3,1,4,0.0,0,16,1,Slaggert,0,4,8482172,1,4,0.25,L,0,0,20232024,0,0,0.07142,L,14,Landon Slaggert,CHI,675.875
404,22,25,43,0.2,5,82,28,Peterka,0,28,8482175,10,50,0.60975,R,3,7,20232024,0,0,0.12389,L,226,JJ Peterka,BUF,983.5487
405,3,0,3,0.47572,0,16,1,Khusnutdinov,0,6,8482177,-3,4,0.25,C,1,1,20232024,0,0,0.16666,L,6,Marat Khusnutdinov,MIN,786.625
406,18,13,29,0.35897,5,63,18,Killorn,1,54,8473986,-15,36,0.57142,L,5,7,20232024,0,0,0.12413,L,145,Alex Killorn,ANA,1123.9206
407,50,16,46,0.61376,3,101,25,Benn,0,47,8473994,13,75,0.74257,L,8,26,20232024,1,3,0.125,L,200,Jamie Benn,DAL,929.9207
408,11,9,20,0.50956,1,85,9,Kampf,0,18,8480144,-6,20,0.23529,C,0,0,20232024,0,0,0.10112,L,89,David Kampf,TOR,808.5411
409,29,4,26,,1,87,5,Pionk,0,67,8480145,7,34,0.3908,D,1,8,20232024,0,0,0.03311,R,151,Neal Pionk,WPG,1253.6206
410,7,2,8,,1,23,3,Malinski,0,6,8484258,3,10,0.43478,D,1,2,20232024,0,0,0.09677,R,31,Sam Malinski,COL,853.5217
411,19,9,22,0.45454,1,79,11,Engvall,0,18,8478115,3,30,0.37974,L,2,8,20232024,0,0,0.08029,L,137,Pierre Engvall,NYI,923.481
412,14,5,17,,1,69,5,Rutta,0,38,8480172,-21,19,0.27536,D,0,0,20232024,0,2,0.07246,R,69,Jan Rutta,SJS,1183.2318
413,21,6,27,0.52154,1,82,7,Evans,0,24,8478133,-1,28,0.34146,C,0,0,20232024,1,1,0.08641,R,81,Jake Evans,MTL,961.0975
414,18,7,24,,1,80,7,Middleton,0,77,8478136,-15,25,0.3125,D,0,0,20232024,0,1,0.08235,L,85,Jake Middleton,MIN,1188.5
415,21,12,31,0.5324,2,106,14,Luostarinen,0,48,8480185,3,35,0.33018,C,2,3,20232024,0,1,0.09589,L,146,Eetu Luostarinen,FLA,947.632
416,20,17,27,0.32941,0,82,24,Zetterlund,0,33,8480188,-34,44,0.53658,L,6,16,20232024,1,1,0.11764,R,204,Fabian Zetterlund,SJS,1131.3658
417,0,0,0,,0,1,0,McWard,0,0,8484287,0,0,0.0,D,0,0,20232024,0,0,0.0,R,1,Cole McWard,VAN,545.0
418,7,6,13,,0,62,6,Kovacevic,0,42,8480192,11,13,0.20967,D,0,0,20232024,0,0,0.13043,R,46,Johnathan Kovacevic,MTL,991.0967
419,20,4,24,,0,69,5,Zub,0,32,8482245,5,25,0.36231,D,0,0,20232024,1,1,0.05882,R,85,Artem Zub,OTT,1261.0869
420,1,0,1,0.47916,0,6,0,Couture,0,4,8474053,0,1,0.16666,C,0,0,20232024,0,0,0.0,L,7,Logan Couture,SJS,1125.1666
421,2,1,3,,0,26,1,Balinskis,0,8,8484304,0,3,0.11538,D,0,0,20232024,0,0,0.04545,L,22,Uvis Balinskis,FLA,846.0769
422,38,21,44,0.4086,4,82,28,Batherson,1,42,8480208,-9,66,0.80487,R,7,22,20232024,0,0,0.14285,R,196,Drake Batherson,OTT,1090.4024
423,9,14,23,0.6,0,56,15,McMann,0,52,8482259,13,24,0.42857,C,1,1,20232024,0,0,0.12711,L,118,Bobby McMann,TOR,693.5535
424,12,6,16,0.44545,1,59,6,Cates,0,0,8480220,-8,18,0.30508,L,0,0,20232024,0,2,0.07692,L,78,Noah Cates,PHI,827.8305
425,27,5,26,,2,85,6,Raddysh,1,21,8478178,-3,33,0.38823,D,1,7,20232024,0,0,0.05714,R,105,Darren Raddysh,TBL,1142.1058
426,22,2,24,,1,79,2,Perbix,1,12,8480246,8,24,0.30379,D,0,0,20232024,0,0,0.03278,R,61,Nick Perbix,TBL,1025.7215
427,5,3,8,0.4,1,28,3,Hunt,0,7,8478211,1,8,0.28571,L,0,0,20232024,0,0,0.0909,L,33,Dryden Hunt,CGY,667.75
428,0,0,0,,0,1,0,Kemp,0,0,8480274,0,0,0.0,D,0,0,20232024,0,0,,R,0,Philip Kemp,EDM,123.0
429,7,12,19,0.0,1,82,14,Toropchenko,0,30,8480281,-3,21,0.25609,R,0,0,20232024,2,2,0.1228,L,114,Alexey Toropchenko,STL,751.317
430,26,11,36,0.5,0,75,14,Mangiapane,0,47,8478233,7,40,0.53333,L,2,3,20232024,1,1,0.11475,L,122,Andrew Mangiapane,CGY,959.72
431,27,18,32,,7,50,20,Kane,3,16,8474141,-5,47,0.94,R,2,15,20232024,0,0,0.13605,L,147,Patrick Kane,DET,1102.58
432,7,11,17,0.46268,3,80,11,Barron,0,23,8480289,10,18,0.225,C,0,1,20232024,0,0,0.11702,L,94,Morgan Barron,WPG,629.8125
433,15,14,28,0.0,3,70,15,Dadonov,0,10,8474149,-6,30,0.42857,R,1,2,20232024,0,0,0.16129,L,93,Evgenii Dadonov,DAL,786.3
434,24,12,34,0.5029,2,82,15,Backlund,0,24,8474150,-4,39,0.4756,C,2,3,20232024,1,2,0.07177,L,209,Mikael Backlund,CGY,1154.0731
435,30,3,29,,1,80,3,McDonagh,1,37,8474151,18,33,0.4125,D,0,4,20232024,0,0,0.03061,L,98,Ryan McDonagh,NSH,1316.3125
436,16,10,24,0.52253,0,82,15,Eller,0,32,8474189,-1,31,0.37804,C,4,5,20232024,1,2,0.0974,L,154,Lars Eller,PIT,957.9268
437,5,5,10,0.54441,0,63,5,Kastelic,0,63,8480355,-5,10,0.15873,C,0,0,20232024,0,0,0.08333,R,60,Mark Kastelic,OTT,463.4603
438,20,10,26,0.23529,0,71,11,Palat,0,37,8476292,-9,31,0.43661,L,1,5,20232024,0,0,0.10185,L,108,Ondrej Palat,NJD,938.9154
439,22,9,30,0.0,0,87,10,Manson,0,99,8476312,18,32,0.36781,D,0,0,20232024,1,2,0.06756,R,148,Josh Manson,COL,1086.6666
440,1,2,3,0.54545,1,28,2,Rempe,0,81,8482460,3,3,0.10714,C,0,0,20232024,0,0,0.11764,R,17,Matt Rempe,NYR,349.2142
441,23,21,36,0.33333,7,82,37,Vatrano,2,85,8478366,-20,60,0.7317,R,13,20,20232024,3,4,0.13602,L,272,Frank Vatrano,ANA,1100.6829
442,3,0,2,,0,10,0,Solovyov,0,4,8482470,-3,3,0.3,D,0,0,20232024,0,1,0.0,L,10,Ilya Solovyov,CGY,953.7
443,13,15,27,0.07142,3,53,16,Chinakhov,0,6,8482475,-3,29,0.54716,R,1,2,20232024,0,0,0.14545,L,110,Yegor Chinakhov,CBJ,910.0566
444,29,3,31,,0,87,3,DeMelo,0,38,8476331,45,32,0.36781,D,0,1,20232024,0,0,0.03409,R,88,Dylan DeMelo,WPG,1306.0919
445,48,11,42,0.0,3,81,12,Gaudreau,1,22,8476346,-27,60,0.74074,L,1,18,20232024,0,0,0.075,L,160,Johnny Gaudreau,CBJ,1128.7777
446,34,8,32,,2,80,13,Hanifin,0,24,8478396,19,47,0.5875,D,5,13,20232024,0,2,0.07926,L,164,Noah Hanifin,"CGY,VGK",1416.8375
447,30,8,30,,3,78,9,Andersson,1,47,8478397,-11,39,0.5,D,0,8,20232024,1,1,0.0566,R,159,Rasmus Andersson,CGY,1429.5769
448,29,31,46,0.28571,11,70,37,Connor,3,10,8478398,-8,66,0.94285,L,6,20,20232024,0,0,0.15416,L,240,Kyle Connor,WPG,1187.9857
449,8,1,9,,0,57,1,Siegenthaler,0,20,8478399,-7,9,0.15789,D,0,0,20232024,0,0,0.01587,L,63,Jonas Siegenthaler,NJD,1160.3157
450,4,3,7,0.45614,0,48,3,Aman,0,8,8482496,-3,7,0.14583,C,0,0,20232024,0,0,0.10344,L,29,Nils Aman,VAN,614.5416
451,43,16,50,0.53852,6,91,22,Zacha,1,22,8478401,14,65,0.71428,C,6,15,20232024,0,0,0.13173,L,167,Pavel Zacha,BOS,1086.1208
452,134,30,112,0.48754,6,101,40,McDavid,2,40,8478402,47,174,1.72277,C,9,61,20232024,1,1,0.11834,L,338,Connor McDavid,EDM,1306.396
453,41,22,48,0.46017,7,70,34,Eichel,2,27,8478403,4,75,1.07142,C,11,24,20232024,1,3,0.11295,R,301,Jack Eichel,VGK,1236.1428
454,35,7,29,,0,59,11,Dunn,0,78,8478407,8,46,0.77966,D,4,16,20232024,0,1,0.09166,L,120,Vince Dunn,SEA,1385.2203
455,16,14,27,0.48979,4,80,16,Suter,0,22,8480459,19,32,0.4,C,2,5,20232024,0,0,0.125,L,128,Pius Suter,VAN,918.7125
456,18,9,24,0.29824,1,67,10,Greenway,0,64,8478413,11,28,0.41791,L,1,3,20232024,0,1,0.09345,L,107,Jordan Greenway,BUF,1034.9701
457,24,18,35,0.48888,4,69,28,Meier,1,45,8478414,-28,52,0.75362,R,10,17,20232024,0,0,0.13526,L,207,Timo Meier,NJD,1056.0869
458,12,4,14,,2,52,5,Lohrei,0,28,8482511,-2,17,0.32692,D,1,3,20232024,0,0,0.08771,L,57,Mason Lohrei,BOS,1020.5192
459,12,2,14,,0,74,2,Cernak,0,65,8478416,5,14,0.18918,D,0,0,20232024,0,0,0.03636,R,55,Erik Cernak,TBL,1157.0675
460,72,31,73,0.53442,10,91,46,Rantanen,0,58,8478420,18,118,1.2967,R,15,45,20232024,0,0,0.15181,L,303,Mikko Rantanen,COL,1382.6923
461,12,1,9,,0,71,1,Seeler,0,78,8476372,9,13,0.18309,D,0,0,20232024,0,4,0.01,L,100,Nick Seeler,PHI,1016.9014
462,9,9,17,0.48141,0,62,9,Kuraly,0,40,8476374,-5,18,0.29032,C,0,0,20232024,0,1,0.09782,L,92,Sean Kuraly,CBJ,824.1129
463,61,28,66,0.52865,11,89,40,Aho,2,38,8478427,35,101,1.13483,C,11,33,20232024,1,2,0.1626,L,246,Sebastian Aho,CAR,1194.6516
464,10,7,16,0.52631,2,85,8,Kolesar,0,51,8478434,-9,18,0.21176,R,0,0,20232024,1,2,0.10256,R,78,Keegan Kolesar,VGK,652.847
465,64,16,61,0.5856,6,98,33,Trocheck,2,65,8476389,19,97,0.98979,C,16,33,20232024,1,3,0.1279,R,258,Vincent Trocheck,NYR,1303.7755
466,27,12,33,0.42217,1,77,18,Novak,0,8,8478438,-4,45,0.58441,C,6,12,20232024,0,0,0.15254,L,118,Tommy Novak,NSH,834.8441
467,35,23,52,0.40206,5,76,33,Konecny,0,67,8478439,4,68,0.89473,R,4,9,20232024,6,7,0.13524,R,244,Travis Konecny,PHI,1190.421
468,41,21,46,0.52575,5,86,28,Strome,3,22,8478440,-14,69,0.80232,C,7,23,20232024,0,0,0.15642,L,179,Dylan Strome,WSH,1083.686
469,23,13,33,0.49727,1,86,14,Lowry,1,64,8476392,14,37,0.43023,C,0,2,20232024,1,2,0.11382,L,123,Adam Lowry,WPG,960.1511
470,11,7,18,,2,89,7,Carlo,0,48,8478443,27,18,0.20224,D,0,0,20232024,0,0,0.0707,R,99,Brandon Carlo,BOS,1194.2584
471,38,30,58,0.51851,5,93,47,Boeser,1,22,8478444,25,85,0.91397,R,17,27,20232024,0,0,0.20346,R,231,Brock Boeser,VAN,1129.3118
472,60,20,59,0.42982,5,85,25,Barzal,3,38,8478445,-5,85,1.0,C,5,26,20232024,0,0,0.09803,R,255,Mathew Barzal,NYI,1211.4823
473,24,23,45,0.44927,7,78,30,Coleman,0,76,8476399,19,54,0.6923,C,3,3,20232024,4,6,0.15706,L,191,Blake Coleman,CGY,1027.9871
474,41,21,48,0.56222,6,95,32,Hintz,2,28,8478449,26,73,0.76842,C,8,21,20232024,3,4,0.1608,L,199,Roope Hintz,DAL,1035.2315
475,10,0,10,,0,51,0,Wotherspoon,0,37,8478450,5,10,0.19607,D,0,0,20232024,0,0,0.0,L,41,Parker Wotherspoon,BOS,1061.3529
476,3,1,4,,1,24,1,Bear,0,10,8478451,-5,4,0.16666,D,0,0,20232024,0,0,0.04166,R,24,Ethan Bear,WSH,894.3333
477,6,1,7,,0,56,1,Juulsen,0,26,8478454,-2,7,0.125,D,0,0,20232024,0,0,0.03225,R,31,Noah Juulsen,VAN,889.4107
478,46,9,45,,0,70,11,Werenski,0,22,8478460,0,57,0.81428,D,2,12,20232024,0,0,0.05445,L,202,Zach Werenski,CBJ,1467.0857
479,28,11,33,0.45897,2,77,13,Roy,0,33,8478462,9,41,0.53246,C,1,7,20232024,1,1,0.11403,R,114,Nicolas Roy,VGK,916.6493
480,23,9,25,0.55444,2,86,12,Pageau,1,13,8476419,-11,35,0.40697,C,2,4,20232024,1,6,0.11214,R,107,Jean-Gabriel Pageau,NYI,959.9534
481,9,6,15,,0,85,6,Lauzon,0,102,8478468,-5,15,0.17647,D,0,0,20232024,0,0,0.05607,L,107,Jeremy Lauzon,NSH,1116.2705
482,21,8,23,,0,51,9,Chabot,0,22,8478469,-3,30,0.58823,D,1,7,20232024,0,0,0.07627,L,118,Thomas Chabot,OTT,1382.7058
483,24,10,33,0.33333,3,72,11,Joseph,0,51,8478472,-4,35,0.48611,R,0,0,20232024,1,2,0.0887,L,124,Mathieu Joseph,OTT,988.3194
484,5,0,5,,0,41,0,Mayfield,0,35,8476429,-7,5,0.12195,D,0,0,20232024,0,0,0.0,R,36,Scott Mayfield,NYI,1125.878
485,13,16,26,0.54267,1,58,22,Jenner,0,28,8476432,-8,35,0.60344,C,5,8,20232024,1,1,0.14193,L,155,Boone Jenner,CBJ,1205.7586
486,61,18,60,0.3,2,76,27,Marner,0,20,8478483,22,88,1.15789,R,8,27,20232024,1,1,0.15882,R,170,Mitch Marner,TOR,1276.2763
487,16,21,37,0.42857,7,82,26,Saad,2,20,8476438,-4,42,0.51219,L,5,5,20232024,0,0,0.18055,L,144,Brandon Saad,STL,930.1829
488,3,1,4,,0,22,1,Nieto,0,4,8476442,5,4,0.18181,L,0,0,20232024,0,0,0.07692,L,13,Matt Nieto,PIT,696.6818
489,34,17,42,0.49687,5,77,30,Eriksson Ek,0,60,8478493,18,64,0.83116,C,12,21,20232024,1,1,0.11235,L,267,Joel Eriksson Ek,MIN,1231.6493
490,32,22,45,0.56213,2,77,30,Karlsson,0,22,8476448,19,62,0.80519,C,7,15,20232024,1,2,0.16304,L,184,William Karlsson,VGK,1047.0389
491,27,5,25,,0,82,5,Provorov,0,20,8478500,-11,32,0.39024,D,0,7,20232024,0,0,0.04672,L,107,Ivan Provorov,CBJ,1329.7439
492,107,31,95,0.5,6,86,44,Kucherov,1,24,8476453,7,151,1.75581,R,13,56,20232024,0,0,0.13968,L,315,Nikita Kucherov,TBL,1299.2906
493,64,16,50,0.46959,5,105,25,Nugent-Hopkins,0,44,8476454,8,89,0.84761,C,9,36,20232024,0,3,0.11363,L,220,Ryan Nugent-Hopkins,EDM,1187.3619
494,40,8,33,0.48387,2,81,12,Huberdeau,0,49,8476456,-29,52,0.64197,C,4,19,20232024,0,0,0.08391,L,143,Jonathan Huberdeau,CGY,1045.3209
495,14,4,17,,1,81,4,Larsson,0,55,8476457,6,18,0.22222,D,0,0,20232024,0,1,0.03076,R,130,Adam Larsson,SEA,1376.7037
496,30,9,26,0.4609,0,79,11,Strome,0,86,8476458,-20,41,0.51898,C,2,15,20232024,0,0,0.08396,R,131,Ryan Strome,ANA,947.9367
497,59,13,41,0.49855,3,97,29,Zibanejad,2,32,8476459,16,88,0.90721,C,14,38,20232024,2,9,0.11111,R,261,Mika Zibanejad,NYR,1200.0206
498,51,21,57,0.48698,4,79,27,Scheifele,1,57,8476460,13,78,0.98734,C,6,21,20232024,0,0,0.16463,R,164,Mark Scheifele,WPG,1216.924
499,27,8,29,0.53477,3,74,11,Couturier,2,29,8476461,-10,38,0.51351,C,3,7,20232024,0,2,0.05729,L,192,Sean Couturier,PHI,1069.4324
500,11,1,8,,0,20,5,Hamilton,0,20,8476462,-8,16,0.8,D,4,8,20232024,0,0,0.08196,R,61,Dougie Hamilton,NJD,1258.5
501,20,7,26,,1,62,7,Brodin,0,16,8476463,22,27,0.43548,D,0,1,20232024,0,0,0.05982,L,117,Jonas Brodin,MIN,1402.3387
502,13,2,13,,0,82,2,Oleksiak,0,37,8476467,-2,15,0.18292,D,0,0,20232024,0,2,0.01851,L,108,Jamie Oleksiak,SEA,1178.9146
503,75,27,69,0.56668,10,94,40,Miller,2,66,8476468,37,115,1.2234,C,11,44,20232024,2,2,0.17937,L,223,J.T. Miller,VAN,1185.6063
504,8,15,23,0.3125,3,66,17,Armia,0,34,8476469,4,25,0.37878,R,0,0,20232024,2,2,0.1223,R,139,Joel Armia,MTL,933.0909
505,27,15,38,0.48736,3,84,20,Cirelli,1,38,8478519,-4,47,0.55952,C,3,7,20232024,2,2,0.14925,L,134,Anthony Cirelli,TBL,1111.119
506,6,2,8,,0,46,2,Murphy,0,40,8476473,-19,8,0.17391,D,0,0,20232024,0,0,0.03921,R,51,Connor Murphy,CHI,1189.913
507,31,14,37,0.51456,2,83,17,Danault,0,22,8476479,12,48,0.57831,C,3,9,20232024,0,2,0.10119,L,168,Phillip Danault,LAK,1078.518
508,4,3,5,,0,24,3,Miromanov,0,8,8482624,-2,7,0.29166,D,0,2,20232024,0,0,0.06521,R,46,Daniil Miromanov,"VGK,CGY",1243.3333
509,26,8,32,0.36288,0,82,12,Namestnikov,0,39,8476480,14,38,0.46341,C,3,5,20232024,1,1,0.12121,L,99,Vladislav Namestnikov,WPG,861.3414
510,22,11,31,0.23076,2,70,15,Rakell,0,22,8476483,4,37,0.52857,R,4,6,20232024,0,0,0.0909,R,165,Rickard Rakell,PIT,990.9428
511,0,0,0,,0,1,0,Steeves,0,0,8482634,-1,0,0.0,C,0,0,20232024,0,0,0.0,L,1,Alex Steeves,TOR,614.0
512,35,14,41,0.53205,2,104,19,Rodrigues,0,38,8478542,32,54,0.51923,C,5,13,20232024,0,0,0.0826,R,230,Evan Rodrigues,FLA,903.6442
513,81,42,84,0.1,9,98,54,Panarin,2,28,8478550,16,135,1.37755,L,12,50,20232024,0,1,0.15561,R,347,Artemi Panarin,NYR,1212.6632
514,5,2,7,0.16666,0,40,2,Duehr,0,6,8482652,-3,7,0.175,R,0,0,20232024,0,0,0.06896,R,29,Walker Duehr,CGY,487.0
515,21,5,21,,0,80,5,Moser,0,35,8482655,-5,26,0.325,D,0,3,20232024,0,2,0.06493,L,77,J.J. Moser,ARI,1234.2875
516,10,6,16,0.4,1,42,6,Johnson,1,10,8482660,-2,16,0.38095,C,0,0,20232024,0,0,0.09677,L,62,Kent Johnson,CBJ,812.5
517,3,4,7,0.54529,1,55,4,Acciari,0,10,8478569,-7,7,0.12727,C,0,0,20232024,0,0,0.06779,R,59,Noel Acciari,PIT,778.2545
518,0,0,0,,0,2,0,Morrow,0,0,8482666,-3,0,0.0,D,0,0,20232024,0,0,0.0,R,6,Scott Morrow,CAR,1103.0
519,22,9,24,0.47434,1,77,15,Beniers,0,20,8482665,-11,37,0.48051,C,6,13,20232024,0,0,0.11278,L,133,Matty Beniers,SEA,1077.7922
520,29,8,28,0.31304,5,80,16,Eklund,2,30,8482667,-45,45,0.5625,L,8,16,20232024,0,1,0.125,L,128,William Eklund,SJS,1119.725
521,27,6,26,,1,76,6,Power,0,28,8482671,8,33,0.43421,D,0,6,20232024,0,1,0.05555,L,108,Owen Power,BUF,1375.1973
522,8,3,10,0.53631,0,89,5,Ryan,0,16,8478585,-12,13,0.14606,C,0,0,20232024,2,3,0.07936,R,63,Derek Ryan,EDM,590.6067
523,38,5,22,,1,82,9,Hughes,1,28,8482684,-25,47,0.57317,D,4,25,20232024,0,0,0.06666,L,135,Luke Hughes,NJD,1288.4146
524,13,8,20,0.6,0,43,9,Stankoven,0,6,8482702,16,22,0.51162,C,1,2,20232024,0,0,0.10344,R,87,Logan Stankoven,DAL,916.093
525,19,12,30,0.46296,1,77,13,Sillinger,0,46,8482705,-4,32,0.41558,C,1,1,20232024,0,1,0.0828,L,157,Cole Sillinger,CBJ,967.1688
526,0,0,0,0.0,0,7,0,Samoskevich,0,0,8482713,-3,0,0.0,R,0,0,20232024,0,0,0.0,R,11,Mackie Samoskevich,FLA,722.2857
527,21,17,36,0.5,4,87,17,Knies,1,47,8482720,8,38,0.43678,L,0,2,20232024,0,0,0.13178,L,129,Matthew Knies,TOR,827.4597
528,4,2,3,,1,16,2,Clarke,1,10,8482730,-6,6,0.375,D,0,3,20232024,0,0,0.06451,R,31,Brandt Clarke,LAK,819.0625
529,39,33,64,0.49166,5,101,42,Johnston,1,40,8482740,18,81,0.80198,C,5,13,20232024,4,4,0.15384,R,273,Wyatt Johnston,DAL,1061.1188
530,23,14,32,0.51715,3,64,19,McTavish,1,86,8482745,-23,42,0.65625,C,4,8,20232024,1,2,0.14615,L,130,Mason McTavish,ANA,976.5468
531,0,0,0,,0,3,0,Othmann,0,0,8482747,0,0,0.0,L,0,0,20232024,0,0,0.0,L,6,Brennan Othmann,NYR,545.0
532,36,10,33,,3,87,17,Doughty,1,58,8474563,11,53,0.60919,D,7,20,20232024,0,0,0.12056,R,141,Drew Doughty,LAK,1552.8045
533,30,4,24,,2,71,4,Pietrangelo,1,28,8474565,-5,34,0.47887,D,0,9,20232024,0,1,0.02631,R,152,Alex Pietrangelo,VGK,1412.3802
534,11,3,13,,1,65,3,Bogosian,0,63,8474567,11,14,0.21538,D,0,0,20232024,0,1,0.03614,R,83,Zach Bogosian,"TBL,MIN",1072.8307
535,6,1,7,,0,68,1,Schenn,0,43,8474568,2,7,0.10294,D,0,0,20232024,0,0,0.01162,R,86,Luke Schenn,NSH,908.7352
536,1,1,2,,0,16,1,Edvinsson,0,4,8482762,0,2,0.125,D,0,0,20232024,0,0,0.07692,L,13,Simon Edvinsson,DET,1095.3125
537,25,3,28,,0,89,5,Myers,0,83,8474574,17,30,0.33707,D,0,0,20232024,2,2,0.05,R,100,Tyler Myers,VAN,1141.337
538,10,7,17,0.51943,3,96,10,Goodrow,1,90,8476624,-10,20,0.20833,C,0,0,20232024,3,3,0.13157,L,76,Barclay Goodrow,NYR,759.75
539,45,9,39,,4,82,11,Karlsson,2,44,8474578,4,56,0.68292,D,2,17,20232024,0,0,0.05164,R,213,Erik Karlsson,PIT,1456.1097
540,12,2,13,,1,67,2,Whitecloud,0,34,8480727,-3,14,0.20895,D,0,0,20232024,0,1,0.03636,R,55,Zach Whitecloud,VGK,1043.2686
541,27,11,32,0.42465,3,78,17,Eberle,1,17,8474586,1,44,0.5641,R,6,12,20232024,0,0,0.10119,R,168,Jordan Eberle,SEA,1046.6923
542,43,5,32,,5,86,11,Carlson,0,42,8474590,-8,54,0.6279,D,6,22,20232024,0,0,0.05789,R,190,John Carlson,WSH,1562.7093
543,64,14,53,,5,88,24,Josi,2,47,8474600,13,88,1.0,D,10,34,20232024,0,1,0.0854,L,281,Roman Josi,NSH,1482.3522
544,7,2,7,,0,26,2,Zellweger,0,4,8482803,-6,9,0.34615,D,0,2,20232024,0,0,0.05882,L,34,Olen Zellweger,ANA,1157.0769
545,4,2,6,,0,48,2,Hamonic,0,40,8474612,-10,6,0.125,D,0,0,20232024,0,0,0.04,R,50,Travis Hamonic,OTT,884.125
546,0,0,0,,0,1,0,Blake,0,0,8482809,-2,0,0.0,R,0,0,20232024,0,0,0.0,R,2,Jackson Blake,CAR,918.0
