playerId,blockedShots,blockedShotsPer60,emptyNetAssists,emptyNetGoals,emptyNetPoints,firstGoals,gamesPlayed,giveaways,giveawaysPer60,hits,hitsPer60,lastName,missedShotCrossbar,missedShotGoalpost,missedShotOverNet,missedShotShort,missedShotWideOfNet,missedShots,otGoals,positionCode,shootsCatches,shotAttemptsBlocked,skaterFullName,takeaways,takeawaysPer60,teamAbbrevs,timeOnIcePerGame
8480789,22,3.72,0.0,0,0.0,0,32,10,1.69,35,5.92,Wahlstrom,2,2,1,0,8,13,0,R,R,28,Oliver Wahlstrom,10,1.69,NYI,664.21
8480796,118,5.12,2.0,0,2.0,1,70,14,0.6,204,8.85,Fehervary,0,1,0,0,26,27,0,D,L,57,Martin Fehervary,9,0.39,WSH,1185.11
8480797,50,2.26,0.0,1,1.0,6,82,28,1.26,67,3.02,Farabee,0,3,4,2,58,67,1,L,L,58,Joel Farabee,28,1.26,PHI,971.18
8480798,48,2.01,1.0,1,2.0,2,75,28,1.17,27,1.13,Kurashev,0,4,5,1,59,69,1,C,L,83,Philipp Kurashev,43,1.8,CHI,1141.1
8480800,69,1.76,1.0,1,2.0,6,95,58,1.48,33,0.84,Hughes,3,4,2,1,108,118,1,D,L,277,Quinn Hughes,47,1.2,VAN,1478.94
8480801,34,1.31,1.0,1,2.0,6,81,49,1.89,294,11.37,Tkachuk,3,3,17,1,104,128,1,L,L,89,Brady Tkachuk,48,1.85,OTT,1148.53
8480802,42,1.71,0.0,2,2.0,6,105,57,2.32,92,3.75,McLeod,2,1,2,1,62,68,0,C,L,49,Ryan McLeod,82,3.34,EDM,840.31
8480803,150,3.61,0.0,1,1.0,3,106,104,2.5,99,2.38,Bouchard,2,10,10,4,90,116,3,D,R,285,Evan Bouchard,77,1.85,EDM,1408.42
8480806,27,2.45,0.0,1,1.0,1,46,12,1.09,51,4.63,Lundestrom,0,0,1,0,24,25,0,C,L,13,Isac Lundestrom,19,1.72,ANA,860.45
8480807,87,6.21,1.0,0,1.0,0,41,24,1.71,106,7.56,Samuelsson,0,0,1,0,16,17,0,D,L,32,Mattias Samuelsson,8,0.57,BUF,1230.0
8480813,35,1.88,1.0,0,1.0,2,80,13,0.69,108,5.8,Veleno,0,2,3,2,39,46,0,C,L,36,Joe Veleno,23,1.23,DET,837.38
8484911,7,3.61,0.0,0,0.0,0,7,1,0.51,5,2.58,Graf,0,0,0,0,4,4,0,R,R,3,Collin Graf,5,2.58,SJS,995.71
8480817,140,4.07,4.0,0,4.0,0,96,46,1.33,179,5.2,Miller,0,4,1,2,65,72,1,D,L,109,K'Andre Miller,67,1.94,NYR,1288.94
8474679,40,1.54,2.0,5,7.0,5,87,41,1.57,42,1.61,Nyquist,2,7,2,1,55,67,0,R,L,64,Gustav Nyquist,43,1.65,NSH,1074.21
8480823,66,6.48,0.0,0,0.0,0,43,13,1.27,54,5.3,Alexeyev,1,0,1,1,9,12,0,D,L,40,Alexander Alexeyev,5,0.49,WSH,852.58
8480829,41,2.14,0.0,1,1.0,2,90,36,1.88,68,3.55,Kotkaniemi,2,3,4,2,63,74,0,C,L,73,Jesperi Kotkaniemi,28,1.46,CAR,764.33
8480830,32,1.58,2.0,4,6.0,4,70,53,2.63,174,8.64,Svechnikov,3,6,10,1,78,98,0,R,L,102,Andrei Svechnikov,34,1.68,CAR,1035.27
8480834,46,4.95,0.0,0,0.0,1,30,8,0.86,94,10.13,Emberson,0,0,0,0,14,14,0,D,R,29,Ty Emberson,7,0.75,SJS,1112.96
8480835,46,2.62,2.0,0,2.0,2,85,21,1.19,40,2.27,Drury,0,6,4,1,56,67,0,C,L,59,Jack Drury,23,1.31,CAR,743.07
8480839,154,4.48,3.0,3,6.0,2,81,44,1.28,195,5.68,Dahlin,3,4,9,4,71,91,1,D,L,148,Rasmus Dahlin,42,1.22,BUF,1525.34
8480844,2,1.84,,0,,0,6,0,0.0,14,12.9,Denisenko,0,0,0,0,2,2,0,L,R,1,Grigori Denisenko,1,0.92,VGK,650.83
8480845,10,2.34,0.0,0,0.0,0,28,5,1.17,24,5.62,Kupari,0,0,1,1,8,10,0,C,R,11,Rasmus Kupari,6,1.4,WPG,548.46
8480848,19,1.91,0.0,0,0.0,0,48,7,0.7,73,7.34,Dellandrea,0,0,1,0,24,25,0,C,R,25,Ty Dellandrea,10,1.0,DAL,745.81
8470613,104,3.09,1.0,1,2.0,2,93,63,1.87,47,1.4,Burns,4,3,10,5,101,123,0,D,R,268,Brent Burns,43,1.28,CAR,1299.07
8480860,103,4.33,1.0,0,1.0,0,82,24,1.0,151,6.35,Bahl,0,1,1,1,31,34,0,D,L,69,Kevin Bahl,19,0.79,NJD,1043.79
8474716,29,4.66,0.0,0,0.0,0,16,1,0.16,14,2.25,Spurgeon,0,1,0,0,7,8,0,D,R,25,Jared Spurgeon,3,0.48,MIN,1399.62
8480865,187,5.45,0.0,0,0.0,4,84,67,1.95,89,2.59,Dobson,0,4,6,3,78,91,0,D,R,201,Noah Dobson,34,0.99,NYI,1469.1
8480871,42,3.93,0.0,0,0.0,0,35,16,1.5,11,1.03,Boqvist,1,1,3,2,21,28,0,D,R,48,Adam Boqvist,7,0.65,CBJ,1097.0
8480873,108,4.44,2.0,0,2.0,0,69,33,1.35,79,3.25,Sandin,1,1,1,0,30,33,0,D,L,86,Rasmus Sandin,23,0.94,WSH,1266.89
8480879,156,8.28,0.0,0,0.0,1,72,39,2.07,62,3.29,Bernard-Docker,0,0,3,0,23,26,0,D,R,59,Jacob Bernard-Docker,12,0.63,OTT,941.61
8480880,25,2.36,0.0,0,0.0,1,65,8,0.75,193,18.24,Lauko,2,0,0,1,25,28,0,C,L,29,Jakub Lauko,14,1.32,BOS,586.0
8480887,86,5.27,0.0,0,0.0,1,56,22,1.34,26,1.59,Harris,0,0,5,0,16,21,0,D,L,33,Jordan Harris,13,0.79,MTL,1048.32
8478840,111,4.61,1.0,0,1.0,0,82,19,0.79,195,8.11,Borgen,0,0,5,1,49,55,0,D,R,106,Will Borgen,16,0.66,SEA,1055.26
8476792,111,3.93,1.0,1,2.0,0,77,45,1.59,64,2.27,Krug,0,4,4,2,60,70,0,D,L,122,Torey Krug,38,1.34,STL,1317.67
8480893,39,1.82,1.0,0,1.0,5,78,28,1.31,55,2.57,Marchenko,1,2,6,0,60,69,0,R,R,97,Kirill Marchenko,49,2.29,CBJ,984.83
8478856,45,1.94,1.0,0,1.0,6,95,11,0.47,63,2.72,Garland,1,7,5,3,78,94,0,R,R,102,Conor Garland,53,2.29,VAN,876.81
8478859,153,4.39,1.0,1,2.0,0,106,56,1.6,259,7.43,Mikkola,1,0,1,0,40,42,0,D,L,97,Niko Mikkola,14,0.4,FLA,1183.34
8478864,38,1.4,0.0,3,3.0,7,75,73,2.7,55,2.03,Kaprizov,3,12,11,3,108,137,2,L,L,168,Kirill Kaprizov,38,1.4,MIN,1294.61
8482964,49,4.19,0.0,0,0.0,1,44,28,2.39,125,10.7,Xhekaj,0,2,4,2,21,29,0,D,L,66,Arber Xhekaj,4,0.34,MTL,955.63
8476822,55,3.34,0.0,1,1.0,1,86,4,0.24,137,8.33,Glendening,0,1,4,0,24,29,0,C,R,29,Luke Glendening,11,0.66,TBL,688.08
8478873,30,1.29,2.0,0,2.0,3,76,44,1.89,17,0.73,Terry,0,12,9,2,72,95,1,R,R,87,Troy Terry,45,1.94,ANA,1097.27
8476826,52,2.23,1.0,1,2.0,3,80,25,1.07,156,6.7,Gourde,2,2,2,1,63,70,0,C,L,67,Yanni Gourde,62,2.66,SEA,1046.86
8478882,117,4.16,0.0,0,0.0,0,82,43,1.52,66,2.34,Gavrikov,0,1,2,0,35,38,1,D,L,78,Vladislav Gavrikov,24,0.85,LAK,1234.04
8478891,46,1.99,5.0,1,6.0,3,87,12,0.51,115,4.97,Appleton,3,2,1,2,61,69,0,C,R,52,Mason Appleton,25,1.08,WPG,955.8
8476853,152,4.84,0.0,0,0.0,3,79,66,2.1,112,3.56,Rielly,1,4,10,1,60,76,0,D,L,131,Morgan Rielly,29,0.92,TOR,1430.31
8476854,121,3.64,1.0,1,2.0,1,86,63,1.89,63,1.89,Lindholm,0,0,0,1,47,48,0,D,L,101,Hampus Lindholm,30,0.9,BOS,1388.62
8476858,28,2.29,0.0,1,1.0,0,62,4,0.32,129,10.58,Di Giuseppe,0,1,1,0,30,32,0,L,L,27,Phillip Di Giuseppe,8,0.65,VAN,707.43
8476872,56,2.61,2.0,0,2.0,6,82,26,1.21,155,7.24,Laughton,2,2,3,0,48,55,0,C,L,64,Scott Laughton,19,0.88,PHI,939.31
8476873,13,1.67,0.0,1,1.0,0,38,14,1.8,15,1.93,Jankowski,0,1,2,0,23,26,0,L,L,19,Mark Jankowski,19,2.44,NSH,735.55
8476874,96,4.98,0.0,0,0.0,0,72,37,1.92,53,2.75,Maatta,0,0,1,2,21,24,0,D,L,51,Olli Maatta,15,0.77,DET,963.23
8476875,186,5.32,3.0,0,3.0,4,82,76,2.17,61,1.74,Matheson,2,4,7,1,51,65,0,D,L,151,Mike Matheson,49,1.4,MTL,1533.17
8476879,136,3.98,1.0,1,2.0,2,103,32,0.93,127,3.72,Ceci,1,3,1,0,38,43,0,D,R,92,Cody Ceci,32,0.93,EDM,1192.16
8476880,79,3.34,2.0,2,4.0,3,78,52,2.2,243,10.29,Wilson,0,5,4,6,65,80,0,R,R,81,Tom Wilson,47,1.99,WSH,1088.96
8476881,4,1.84,,0,,0,7,2,0.92,27,12.47,Hertl,0,1,0,0,7,8,0,C,L,1,Tomas Hertl,0,0.0,VGK,1113.14
8480980,38,2.64,0.0,1,1.0,3,74,6,0.41,123,8.56,Dewar,0,0,2,0,32,34,0,C,L,40,Connor Dewar,21,1.46,"MIN,TOR",699.0
8476885,255,8.49,3.0,1,4.0,1,85,40,1.33,251,8.35,Trouba,0,1,1,3,43,48,0,D,R,133,Jacob Trouba,23,0.76,NYR,1271.76
8476887,46,1.64,3.0,2,5.0,7,88,81,2.9,159,5.7,Forsberg,2,12,5,4,145,168,3,L,R,217,Filip Forsberg,80,2.86,NSH,1140.55
8476889,47,2.76,0.0,0,0.0,1,82,21,1.23,123,7.22,Faksa,0,3,1,0,53,57,0,C,L,37,Radek Faksa,31,1.82,DAL,747.42
8476892,218,6.68,3.0,0,3.0,2,82,48,1.47,113,3.46,Parayko,0,1,5,0,51,57,1,D,R,98,Colton Parayko,73,2.23,STL,1431.64
8480990,38,4.44,0.0,0,0.0,0,31,13,1.52,12,1.4,Chisholm,1,0,4,2,9,16,0,D,L,25,Declan Chisholm,5,0.58,"WPG,MIN",991.74
8476897,49,3.12,2.0,1,3.0,2,71,13,0.82,82,5.22,Sundqvist,0,1,2,0,41,44,0,C,R,24,Oskar Sundqvist,26,1.65,STL,794.98
8480995,43,3.65,0.0,0,0.0,1,61,14,1.18,64,5.43,Holmberg,0,1,1,2,21,25,0,R,L,20,Pontus Holmberg,15,1.27,TOR,695.04
8476902,208,5.8,1.0,2,3.0,0,101,41,1.14,101,2.81,Lindell,0,1,5,2,58,66,0,D,L,109,Esa Lindell,40,1.11,DAL,1276.62
8481006,27,5.0,0.0,0,0.0,0,26,6,1.11,64,11.86,Tucker,0,0,0,0,4,4,0,D,L,20,Tyler Tucker,7,1.29,STL,747.03
8476917,123,5.73,0.0,0,0.0,0,63,36,1.67,83,3.86,Pelech,1,1,2,2,47,53,1,D,L,74,Adam Pelech,17,0.79,NYI,1226.55
8481014,185,6.16,2.0,0,2.0,2,86,56,1.86,166,5.53,Romanov,1,1,4,5,44,55,0,D,L,102,Alexander Romanov,27,0.89,NYI,1256.38
8481016,1,2.97,0.0,0,0.0,0,2,1,2.97,0,0.0,Iskhakov,0,0,0,0,0,0,0,C,L,1,Ruslan Iskhakov,0,0.0,NYI,604.5
8476918,37,1.97,2.0,3,5.0,2,92,21,1.12,98,5.22,Vesey,0,3,7,0,52,62,0,L,L,45,Jimmy Vesey,42,2.24,NYR,733.32
8478970,83,3.78,1.0,0,1.0,1,83,34,1.54,69,3.14,Chatfield,2,0,8,1,52,63,0,D,R,89,Jalen Chatfield,29,1.32,CAR,951.57
8476923,83,3.51,1.0,0,1.0,3,67,33,1.39,45,1.9,Severson,0,2,4,3,34,43,0,D,R,85,Damon Severson,36,1.52,CBJ,1268.85
8481019,26,3.98,0.0,0,0.0,2,43,6,0.91,36,5.51,Gustafsson,0,0,0,0,14,14,0,C,L,13,David Gustafsson,8,1.22,WPG,546.76
8476925,65,2.7,1.0,1,2.0,6,87,35,1.45,155,6.43,Sissons,0,8,6,1,60,75,0,C,R,41,Colton Sissons,36,1.49,NSH,996.09
8478975,40,1.67,0.0,0,0.0,2,94,50,2.09,160,6.7,Marchment,1,8,4,1,76,90,0,L,L,63,Mason Marchment,57,2.38,DAL,913.42
8476927,57,2.87,2.0,0,2.0,1,81,15,0.75,116,5.85,Blueger,1,0,1,0,42,44,0,C,L,34,Teddy Blueger,28,1.41,VAN,879.95
8481024,2,1.98,,0,,0,6,0,0.0,4,3.97,Karlsson,0,1,0,0,3,4,0,C,R,4,Linus Karlsson,3,2.98,VAN,604.0
8476931,142,5.13,1.0,1,2.0,2,80,57,2.06,241,8.72,McCabe,2,0,5,0,39,46,1,D,L,79,Jake McCabe,23,0.83,TOR,1243.27
8481028,22,1.64,0.0,0,0.0,2,63,23,1.72,238,17.82,Pospisil,1,2,2,2,38,45,0,C,L,40,Martin Pospisil,26,1.94,CGY,763.17
8476934,11,2.48,0.0,0,0.0,0,24,4,0.9,37,8.34,McGinn,0,0,0,0,11,11,0,L,L,7,Brock McGinn,4,0.9,ANA,664.7
8481032,29,1.79,1.0,0,1.0,1,76,19,1.17,233,14.45,Cotter,2,1,5,1,45,54,0,C,L,47,Paul Cotter,35,2.17,VGK,763.63
8481042,0,0.0,,0,,0,2,1,4.41,5,22.05,Kovalenko,0,0,0,0,0,0,0,R,L,1,Nikolai Kovalenko,0,0.0,COL,408.0
8476958,140,4.31,4.0,0,4.0,0,92,34,1.04,64,1.97,Slavin,0,6,7,2,78,93,0,D,L,120,Jaccob Slavin,77,2.37,CAR,1269.69
8476960,21,3.43,0.0,0,0.0,0,28,7,1.14,11,1.79,Athanasiou,0,1,0,0,12,13,0,C,L,23,Andreas Athanasiou,19,3.1,CHI,785.85
8481059,53,3.85,0.0,0,0.0,0,54,16,1.16,30,2.18,Perunovich,0,1,2,4,10,17,0,D,L,27,Scott Perunovich,15,1.09,STL,916.31
8476967,133,4.76,0.0,0,0.0,1,107,52,1.86,100,3.58,Kulak,0,2,4,1,38,45,0,D,L,110,Brett Kulak,22,0.78,EDM,938.67
8481068,44,1.85,2.0,0,2.0,2,82,39,1.64,13,0.54,Sharangovich,2,6,12,7,67,94,1,C,L,99,Yegor Sharangovich,35,1.47,CGY,1038.89
8476981,40,1.98,0.0,1,1.0,1,78,20,0.99,169,8.4,Anderson,1,1,7,4,70,83,0,R,R,53,Josh Anderson,21,1.04,MTL,927.8
8476988,29,6.72,0.0,0,0.0,0,14,9,2.08,19,4.4,Benning,0,0,1,0,7,8,0,D,R,11,Matthew Benning,5,1.15,SJS,1108.78
8481093,47,4.95,0.0,0,0.0,0,45,13,1.37,47,4.95,Harvey-Pinard,0,1,3,0,16,20,0,L,L,14,Rafael Harvey-Pinard,5,0.52,MTL,758.26
8477018,57,5.02,0.0,0,0.0,0,42,14,1.23,19,1.67,Hutton,0,0,1,1,15,17,0,D,L,54,Ben Hutton,13,1.14,VGK,971.95
8481122,113,5.54,0.0,1,1.0,0,71,33,1.62,283,13.89,Benoit,1,2,1,2,21,27,0,D,L,54,Simon Benoit,17,0.83,TOR,1032.69
8481167,68,5.55,0.0,0,0.0,0,50,23,1.88,130,10.62,Pachal,0,2,4,2,15,23,0,D,R,59,Brayden Pachal,5,0.4,"VGK,CGY",880.6
8477073,11,3.03,0.0,0,0.0,1,45,7,1.93,83,22.89,MacDermid,0,0,2,0,3,5,0,L,L,6,Kurtis MacDermid,3,0.82,"COL,NJD",289.97
8481178,79,4.47,0.0,0,0.0,3,66,22,1.24,37,2.09,Zamula,0,1,2,1,30,34,0,D,L,82,Egor Zamula,17,0.96,PHI,963.43
8481186,38,2.67,0.0,1,1.0,3,57,12,0.84,60,4.22,O'Connor,0,0,2,0,43,45,0,R,R,44,Logan O'Connor,38,2.67,COL,897.01
8481206,33,5.08,0.0,0,0.0,1,33,9,1.38,72,11.08,Ludvig,0,0,0,0,13,13,0,D,L,16,John Ludvig,3,0.46,PIT,708.36
8481237,11,1.72,0.0,0,0.0,0,37,11,1.72,67,10.51,MacLean,0,1,4,0,10,15,0,C,L,8,Kyle MacLean,10,1.56,NYI,620.0
8475149,29,1.4,0.0,0,0.0,2,78,33,1.59,44,2.13,Johansson,0,0,4,0,56,60,0,L,L,74,Marcus Johansson,26,1.25,MIN,953.26
8475151,51,2.02,0.0,2,2.0,6,87,43,1.7,95,3.77,Palmieri,1,7,9,1,82,100,1,C,R,76,Kyle Palmieri,22,0.87,NYI,1041.64
8475158,63,2.15,2.0,1,3.0,4,88,32,1.09,26,0.88,O'Reilly,0,2,4,1,64,71,0,C,L,51,Ryan O'Reilly,68,2.32,NSH,1197.23
8475166,42,1.61,0.0,1,1.0,4,87,55,2.11,168,6.45,Tavares,2,6,10,3,91,112,1,C,L,113,John Tavares,44,1.68,TOR,1077.65
8475167,111,3.22,4.0,0,4.0,5,83,59,1.71,75,2.18,Hedman,3,5,7,2,89,106,0,D,L,141,Victor Hedman,32,0.93,TBL,1491.67
8475169,35,1.32,0.0,4,4.0,3,97,47,1.77,314,11.84,Kane,3,2,9,3,104,121,1,L,L,136,Evander Kane,28,1.05,EDM,984.06
8475170,51,2.09,0.0,0,0.0,3,82,38,1.56,169,6.95,Schenn,1,8,7,4,69,89,2,C,L,68,Brayden Schenn,59,2.42,STL,1066.85
8475172,24,0.95,1.0,3,4.0,5,82,70,2.77,57,2.26,Kadri,0,4,13,3,94,114,2,C,L,133,Nazem Kadri,56,2.22,CGY,1105.54
8477220,82,4.45,0.0,0,0.0,0,66,27,1.46,70,3.8,Schmidt,1,0,4,1,36,42,0,D,L,61,Nate Schmidt,19,1.03,WPG,1004.59
8475181,127,4.15,1.0,0,1.0,0,82,38,1.24,51,1.66,Leddy,0,1,5,1,30,37,0,D,L,53,Nick Leddy,32,1.04,STL,1341.69
8475184,25,0.8,4.0,2,6.0,3,98,37,1.19,140,4.52,Kreider,1,9,6,1,131,148,1,L,L,80,Chris Kreider,28,0.9,NYR,1137.35
8475188,234,8.08,2.0,0,2.0,1,89,27,0.93,164,5.66,McNabb,0,0,1,0,41,42,0,D,L,96,Brayden McNabb,32,1.1,VGK,1170.19
8475191,28,1.37,1.0,0,1.0,5,76,38,1.85,55,2.69,Smith,1,5,4,2,50,62,0,R,L,58,Reilly Smith,36,1.76,PIT,968.02
8479291,29,4.7,0.0,0,0.0,0,33,9,1.45,65,10.53,Rooney,0,0,0,0,5,5,0,C,L,13,Kevin Rooney,8,1.29,CGY,672.93
8479293,62,3.86,1.0,1,2.0,3,66,13,0.81,148,9.22,Tanev,1,3,1,3,31,39,0,L,L,24,Brandon Tanev,31,1.93,SEA,875.22
8475200,79,2.87,0.0,1,1.0,1,93,45,1.63,134,4.87,Orlov,2,3,8,2,67,82,0,D,L,131,Dmitry Orlov,29,1.05,CAR,1064.63
8483395,2,1.27,,0,,0,8,1,0.63,7,4.44,Bains,0,0,0,0,2,2,0,L,L,4,Arshdeep Bains,1,0.63,VAN,708.37
8483397,1,4.74,,0,,0,1,0,0.0,4,18.97,McLaughlin,0,0,0,0,0,0,0,C,R,0,Marc McLaughlin,0,0.0,BOS,759.0
8475208,79,3.48,0.0,0,0.0,1,80,25,1.1,72,3.17,Dumoulin,1,0,4,2,38,45,0,D,L,72,Brian Dumoulin,18,0.79,SEA,1020.93
8483407,0,0.0,,0,,0,1,0,0.0,1,5.57,Scanlin,0,0,0,0,0,0,0,D,L,1,Brandon Scanlin,0,0.0,NYR,646.0
8475218,140,3.79,0.0,1,1.0,4,104,79,2.14,164,4.44,Ekholm,1,0,16,0,80,97,0,D,L,144,Mattias Ekholm,51,1.38,EDM,1276.12
8479314,38,1.17,9.0,5,14.0,8,104,82,2.54,223,6.91,Tkachuk,0,12,4,3,127,146,0,L,L,141,Matthew Tkachuk,48,1.48,FLA,1116.39
8475220,40,3.01,0.0,2,2.0,2,55,18,1.35,179,13.48,Foligno,0,2,3,0,23,28,0,L,L,24,Marcus Foligno,26,1.95,MIN,868.92
8479316,60,2.97,0.0,0,0.0,3,77,15,0.74,165,8.16,Kunin,1,4,0,2,41,48,0,C,R,50,Luke Kunin,22,1.08,SJS,944.44
8479318,97,3.23,0.0,2,2.0,9,86,55,1.83,115,3.83,Matthews,6,17,13,6,135,177,3,C,L,169,Auston Matthews,88,2.93,TOR,1254.19
8479323,164,4.75,3.0,0,3.0,6,88,40,1.15,61,1.76,Fox,0,2,2,1,69,74,1,D,R,132,Adam Fox,52,1.5,NYR,1412.26
8479324,123,4.11,1.0,0,1.0,1,92,23,0.76,136,4.55,Lindgren,0,0,3,0,38,41,0,D,L,77,Ryan Lindgren,21,0.7,NYR,1168.94
8479325,193,5.33,1.0,0,1.0,1,87,77,2.12,212,5.85,McAvoy,4,2,5,1,69,81,2,D,R,114,Charlie McAvoy,33,0.91,BOS,1497.37
8475231,76,4.31,1.0,0,1.0,2,75,27,1.53,147,8.35,Cizikas,0,0,5,0,26,31,0,C,L,35,Casey Cizikas,28,1.59,NYI,844.45
8479328,17,3.71,0.0,0,0.0,1,27,5,1.09,63,13.76,Gauthier,0,1,0,1,9,11,0,R,R,15,Julien Gauthier,3,0.65,NYI,610.18
8475233,163,8.05,0.0,1,1.0,1,60,46,2.27,69,3.4,Savard,0,0,3,0,17,20,0,D,R,44,David Savard,12,0.59,MTL,1214.48
8475235,21,2.57,0.0,0,0.0,0,60,5,0.61,188,23.06,Deslauriers,0,2,0,0,26,28,0,L,L,22,Nicolas Deslauriers,14,1.71,PHI,488.96
8479336,17,1.77,0.0,0,0.0,3,55,14,1.45,124,12.93,Grundstrom,1,3,2,0,34,40,0,R,L,43,Carl Grundstrom,10,1.04,LAK,627.69
8479337,35,1.43,0.0,1,1.0,1,82,39,1.59,66,2.69,DeBrincat,3,9,8,2,91,113,0,R,R,132,Alex DeBrincat,49,2.0,DET,1073.52
8479344,6,1.78,0.0,0,0.0,3,22,6,1.78,40,11.87,Puljujarvi,0,0,0,0,8,8,0,R,R,10,Jesse Puljujarvi,6,1.78,PIT,551.31
8479345,154,5.03,2.0,0,2.0,3,82,73,2.38,72,2.35,Chychrun,0,0,14,4,105,123,0,D,L,158,Jakob Chychrun,22,0.71,OTT,1343.39
8479348,0,0.0,0.0,0,0.0,0,3,0,0.0,1,1.62,Clague,0,0,0,0,1,1,0,D,L,3,Kale Clague,0,0.0,BUF,736.33
8483445,0,0.0,0.0,0,0.0,0,1,0,0.0,0,0.0,Gauthier,0,0,0,0,0,0,0,L,L,2,Cutter Gauthier,0,0.0,ANA,924.0
8479353,56,3.21,1.0,1,2.0,0,79,21,1.2,109,6.26,Howden,2,3,2,1,30,38,0,C,L,31,Brett Howden,31,1.78,VGK,792.56
8479359,102,5.09,3.0,0,3.0,0,85,20,0.99,254,12.68,Malenstyn,0,0,3,0,40,43,0,L,L,39,Beck Malenstyn,30,1.49,WSH,848.18
8483457,0,0.0,0.0,0,0.0,0,2,4,5.28,1,1.32,Hutson,0,0,0,0,1,1,0,D,L,2,Lane Hutson,3,3.96,MTL,1363.0
8479365,62,2.85,1.0,2,3.0,3,95,31,1.42,257,11.84,Frederic,0,0,7,0,50,57,0,C,L,61,Trent Frederic,23,1.05,BOS,822.33
8479367,8,2.25,0.0,0,0.0,0,26,4,1.12,54,15.19,Lockwood,0,1,0,0,9,10,0,R,R,8,William Lockwood,6,1.68,FLA,491.92
8477320,0,0.0,,0,,0,1,0,0.0,1,11.21,Blidh,0,0,0,0,0,0,0,L,L,0,Anton Blidh,0,0.0,NYR,321.0
8479369,78,7.51,0.0,0,0.0,0,38,14,1.34,88,8.47,Peeke,0,1,2,0,22,25,0,D,R,37,Andrew Peeke,5,0.48,"CBJ,BOS",983.92
8483466,82,3.3,0.0,0,0.0,0,76,72,2.89,26,1.04,Korchinski,0,0,1,1,39,41,1,D,L,92,Kevin Korchinski,23,0.92,CHI,1176.98
8479371,92,5.77,1.0,0,1.0,0,59,41,2.57,45,2.82,Fabbro,0,0,1,3,31,35,0,D,R,45,Dante Fabbro,10,0.62,NSH,972.08
8475279,167,6.57,1.0,0,1.0,0,77,33,1.3,163,6.42,Chiarot,0,2,4,0,40,46,1,D,L,79,Ben Chiarot,18,0.7,DET,1186.66
8479378,43,6.89,0.0,0,0.0,0,28,16,2.56,61,9.78,Stanley,0,0,2,1,14,17,0,D,L,26,Logan Stanley,5,0.8,WPG,801.75
8479379,12,2.56,0.0,0,0.0,0,36,8,1.7,87,18.56,Smith,0,0,0,0,10,10,0,R,L,14,Givani Smith,8,1.7,SJS,468.55
8477335,134,5.75,0.0,0,0.0,0,73,20,0.85,233,10.0,Burroughs,0,0,3,2,38,43,0,D,R,72,Kyle Burroughs,29,1.24,SJS,1148.73
8475287,49,2.29,4.0,3,7.0,1,76,28,1.3,94,4.39,Haula,1,5,6,0,55,67,0,L,L,66,Erik Haula,27,1.26,NJD,1012.67
8479385,32,1.27,0.0,1,1.0,4,82,53,2.11,26,1.03,Kyrou,2,7,8,2,95,114,0,C,R,141,Jordan Kyrou,51,2.03,STL,1099.9
8483490,65,3.28,0.0,0,0.0,1,63,20,1.01,85,4.29,Mintyukov,0,3,0,0,20,23,0,D,L,58,Pavel Mintyukov,18,0.9,ANA,1130.68
8477346,200,6.38,2.0,1,3.0,4,82,75,2.39,194,6.19,Weegar,2,1,6,0,68,77,1,D,R,186,MacKenzie Weegar,46,1.46,CGY,1375.81
8483493,1,1.23,,0,,1,3,3,3.71,0,0.0,Nazar,0,0,0,0,4,4,0,C,R,3,Frank Nazar,2,2.47,CHI,968.66
8479398,121,5.37,0.0,0,0.0,1,68,37,1.64,88,3.91,Girard,1,0,5,0,33,39,0,D,L,101,Samuel Girard,24,1.06,COL,1191.38
8483495,105,5.28,0.0,0,0.0,0,60,25,1.25,22,1.1,Nemec,0,1,2,0,36,39,0,D,R,89,Simon Nemec,18,0.9,NJD,1191.78
8479400,38,1.67,0.0,0,0.0,4,87,33,1.45,120,5.28,Dubois,1,4,5,3,76,89,0,L,L,59,Pierre-Luc Dubois,22,0.96,LAK,939.09
8483499,0,0.0,0.0,0,0.0,0,4,0,0.0,2,2.06,Ohgren,0,1,0,0,2,3,0,L,L,3,Liam Ohgren,2,2.06,MIN,870.75
8471214,28,1.05,2.0,3,5.0,4,83,37,1.39,174,6.53,Ovechkin,2,6,11,2,108,129,1,L,R,221,Alex Ovechkin,26,0.97,WSH,1154.32
8479407,33,1.25,0.0,0,0.0,2,82,45,1.7,66,2.5,Bratt,2,7,7,3,83,102,0,L,L,98,Jesper Bratt,39,1.47,NJD,1158.43
8471215,42,1.65,1.0,1,2.0,3,82,56,2.2,29,1.14,Malkin,1,9,2,3,66,81,0,C,L,121,Evgeni Malkin,90,3.54,PIT,1115.07
8483505,15,2.03,0.0,0,0.0,0,33,15,2.03,17,2.3,Poitras,0,0,0,0,9,9,0,C,R,28,Matthew Poitras,19,2.57,BOS,803.75
8475314,56,2.5,0.0,1,1.0,3,86,22,0.98,189,8.44,Lee,1,2,9,2,88,102,0,L,L,53,Anders Lee,27,1.2,NYI,936.36
8477365,117,5.36,0.0,1,1.0,0,79,24,1.1,204,9.35,Clifton,0,1,2,2,29,34,0,D,R,48,Connor Clifton,27,1.23,BUF,993.35
8479414,27,2.95,0.0,1,1.0,0,54,5,0.54,143,15.63,Bastian,0,2,0,0,21,23,0,R,R,19,Nathan Bastian,8,0.87,NJD,609.92
8481462,6,3.71,0.0,0,0.0,0,9,2,1.23,21,13.01,Morelli,0,0,1,0,2,3,0,L,L,2,Mason Morelli,3,1.85,VGK,645.22
8477369,76,5.04,0.0,0,0.0,0,52,25,1.66,97,6.44,Soucy,0,1,1,1,26,29,0,D,L,41,Carson Soucy,12,0.79,VAN,1042.01
8483515,71,2.89,0.0,0,0.0,2,82,42,1.71,152,6.2,Slafkovsky,0,4,5,2,63,74,0,L,L,88,Juraj Slafkovsky,34,1.38,MTL,1076.14
8479420,29,1.35,1.0,3,4.0,2,71,21,0.97,79,3.68,Thompson,2,5,16,1,71,95,0,C,R,133,Tage Thompson,28,1.3,BUF,1087.08
8479421,23,5.5,,0,,0,24,3,0.71,12,2.87,Moverare,0,0,0,0,6,6,0,D,L,12,Jacob Moverare,0,0.0,LAK,626.79
8475324,125,4.83,1.0,0,1.0,0,79,59,2.28,62,2.39,Jensen,0,1,3,2,43,49,0,D,R,81,Nick Jensen,23,0.88,WSH,1178.84
8479425,102,2.81,0.0,0,0.0,1,94,54,1.49,129,3.56,Hronek,0,2,13,1,77,93,0,D,R,169,Filip Hronek,28,0.77,VAN,1386.55
8477380,27,2.45,0.0,0,0.0,0,60,17,1.54,34,3.09,Brodzinski,0,1,2,2,35,40,0,C,R,48,Jonny Brodzinski,21,1.9,NYR,660.05
8481477,39,2.53,2.0,0,2.0,1,63,18,1.16,75,4.87,Sturm,0,1,3,0,31,35,0,C,L,29,Nico Sturm,21,1.36,SJS,879.55
8475343,77,4.49,2.0,1,3.0,4,68,30,1.74,138,8.04,Dowd,0,1,3,0,21,25,0,C,R,21,Nic Dowd,46,2.68,WSH,907.73
8477392,35,3.51,0.0,0,0.0,0,49,13,1.3,42,4.22,Fasching,0,0,0,0,13,13,0,R,R,20,Hudson Fasching,17,1.7,NYI,730.91
8477402,28,1.05,1.0,4,5.0,0,80,50,1.89,43,1.62,Buchnevich,1,6,10,0,84,101,2,L,L,82,Pavel Buchnevich,47,1.77,STL,1189.47
8483546,1,2.57,,0,,0,2,0,0.0,4,10.29,Rifai,0,0,0,0,1,1,0,D,L,0,Marshall Rifai,0,0.0,TOR,699.5
8477404,11,3.0,0.0,1,1.0,1,11,6,1.63,8,2.18,Guentzel,0,2,1,1,13,17,0,C,L,19,Jake Guentzel,7,1.91,CAR,1197.72
8477409,34,1.11,3.0,4,7.0,9,100,55,1.8,90,2.95,Verhaeghe,2,4,16,3,103,128,2,C,L,213,Carter Verhaeghe,50,1.64,FLA,1097.5
8477416,29,1.31,1.0,1,2.0,4,82,24,1.08,67,3.02,Bjorkstrand,4,11,5,3,89,112,0,R,R,130,Oliver Bjorkstrand,63,2.84,SEA,970.97
8481518,2,2.97,,0,,0,4,0,0.0,3,4.45,Foote,0,1,0,0,2,3,0,L,L,2,Nolan Foote,0,0.0,NJD,606.0
8483567,4,5.67,,0,,0,4,0,0.0,2,2.83,Merkulov,0,0,0,0,0,0,0,C,L,4,Georgii Merkulov,0,0.0,BOS,634.75
8477425,41,2.11,0.0,2,2.0,0,85,21,1.08,134,6.9,Wood,2,1,5,1,61,70,1,L,L,61,Miles Wood,43,2.21,COL,822.31
8481522,23,1.37,1.0,0,1.0,1,80,13,0.77,108,6.47,Krebs,0,0,4,0,33,37,0,C,L,30,Peyton Krebs,13,0.77,BUF,750.33
8481523,0,0.0,0.0,0,0.0,0,2,0,0.0,3,6.91,Dach,0,0,0,0,0,0,0,C,R,2,Kirby Dach,1,2.3,MTL,781.0
8481524,104,4.2,2.0,0,2.0,3,73,33,1.33,94,3.79,Byram,0,1,4,0,35,40,0,D,L,81,Bowen Byram,20,0.8,"COL,BUF",1220.54
8477429,51,2.38,1.0,1,2.0,1,79,31,1.44,33,1.54,Copp,0,1,5,3,34,43,0,C,L,41,Andrew Copp,26,1.21,DET,976.45
8477426,47,1.87,4.0,0,4.0,7,87,28,1.11,120,4.79,Paul,2,3,6,0,59,70,0,L,L,66,Nick Paul,38,1.51,TBL,1035.44
8481528,27,1.19,2.0,3,5.0,3,79,36,1.58,107,4.71,Cozens,2,5,7,2,46,62,1,C,R,105,Dylan Cozens,28,1.23,BUF,1033.53
8481527,31,4.33,0.0,0,0.0,0,26,12,1.67,43,6.01,Korczak,0,0,1,1,11,13,0,D,R,36,Kaedan Korczak,4,0.55,VGK,990.3
8477435,142,6.61,1.0,0,1.0,2,70,40,1.86,72,3.35,Graves,0,0,1,2,27,30,0,D,L,83,Ryan Graves,19,0.88,PIT,1103.27
8481533,15,1.69,0.0,0,0.0,1,31,16,1.81,16,1.81,Zegras,1,1,5,0,25,32,0,C,L,30,Trevor Zegras,15,1.69,ANA,1025.29
8481534,1,1.17,,0,,0,7,0,0.0,13,15.29,Lavoie,0,0,0,0,2,2,0,C,R,3,Raphael Lavoie,1,1.17,EDM,437.14
8481535,20,1.11,0.0,0,0.0,6,91,16,0.89,114,6.34,Hoglander,1,7,6,2,42,58,0,L,L,25,Nils Hoglander,33,1.83,VAN,711.09
8481537,80,5.8,0.0,0,0.0,0,52,31,2.24,147,10.65,Okhotiuk,0,2,0,2,32,36,0,D,L,45,Nikita Okhotiuk,13,0.94,"SJS,CGY",954.75
8481540,22,0.82,0.0,0,0.0,5,82,41,1.54,56,2.1,Caufield,2,4,12,6,98,122,3,R,R,128,Cole Caufield,33,1.24,MTL,1165.23
8481541,40,5.36,0.0,0,0.0,0,34,10,1.34,44,5.9,Bolduc,0,0,1,2,19,22,0,D,L,22,Samuel Bolduc,2,0.26,NYI,788.7
8481542,212,6.93,0.0,1,1.0,1,82,39,1.27,211,6.9,Seider,1,0,4,0,51,56,0,D,R,95,Moritz Seider,41,1.34,DET,1341.57
8477446,61,3.76,1.0,0,1.0,5,76,18,1.11,151,9.31,McCarron,0,1,4,2,44,51,0,C,R,27,Michael McCarron,25,1.54,NSH,767.88
8477444,14,1.17,0.0,0,0.0,1,49,11,0.92,13,1.09,Burakovsky,2,1,2,1,33,39,0,L,L,76,Andre Burakovsky,24,2.01,SEA,873.89
8481543,7,2.14,0.0,0,0.0,0,23,5,1.52,29,8.87,Alexandrov,0,0,0,0,4,4,0,C,L,6,Nikita Alexandrov,5,1.52,STL,511.56
8477450,73,3.22,2.0,0,2.0,3,82,35,1.54,143,6.31,Dickinson,0,2,8,1,42,53,0,C,L,58,Jason Dickinson,54,2.38,CHI,994.25
8477451,65,3.19,2.0,2,4.0,2,74,37,1.81,75,3.68,Hartman,4,6,3,1,76,90,0,R,R,82,Ryan Hartman,39,1.91,MIN,991.0
8481546,174,5.62,0.0,3,3.0,2,82,32,1.03,76,2.45,York,0,2,1,0,60,63,0,D,L,90,Cam York,18,0.58,PHI,1357.15
8477447,90,4.52,2.0,0,2.0,0,54,23,1.15,11,0.55,Theodore,0,1,4,4,50,59,0,D,L,129,Shea Theodore,32,1.6,VGK,1326.25
8477456,59,2.37,3.0,0,3.0,2,77,30,1.2,51,2.04,Compher,2,4,2,0,29,37,0,L,R,41,J.T. Compher,16,0.64,DET,1163.29
8481554,22,1.33,1.0,0,1.0,1,76,18,1.08,46,2.78,Kakko,0,2,3,1,42,48,0,R,L,55,Kaapo Kakko,20,1.21,NYR,782.9
8481556,47,4.14,0.0,0,0.0,2,64,12,1.05,135,11.89,Beecher,0,2,2,0,11,15,0,C,L,13,John Beecher,18,1.58,BOS,638.53
8481557,32,1.35,0.0,0,0.0,8,75,49,2.07,33,1.39,Boldy,4,3,8,2,106,123,1,L,L,157,Matt Boldy,61,2.58,MIN,1134.66
8481559,24,1.1,1.0,2,3.0,3,62,71,3.27,10,0.46,Hughes,0,11,4,0,71,87,2,C,L,160,Jack Hughes,64,2.95,NJD,1258.43
8481560,14,1.39,0.0,0,0.0,1,51,15,1.49,33,3.28,Kaliyev,0,1,4,2,47,54,0,R,L,56,Arthur Kaliyev,11,1.09,LAK,708.13
8481567,71,4.17,0.0,0,0.0,0,51,28,1.64,26,1.52,Thrun,0,0,4,0,20,24,0,D,L,42,Henry Thrun,17,1.0,SJS,1199.98
8481568,148,5.43,0.0,0,0.0,1,76,47,1.72,56,2.05,Vlasic,0,2,3,1,25,31,0,D,L,66,Alex Vlasic,60,2.2,CHI,1288.72
8477473,29,2.61,0.0,0,0.0,1,59,10,0.9,76,6.85,Bailey,0,2,3,2,24,31,0,R,R,41,Justin Bailey,20,1.8,SJS,676.84
8477476,26,1.45,0.0,2,2.0,5,56,21,1.17,77,4.29,Lehkonen,0,3,5,0,36,44,1,L,L,50,Artturi Lehkonen,25,1.39,COL,1152.05
8479525,57,2.75,1.0,3,4.0,6,91,25,1.2,184,8.89,Colton,1,5,6,3,89,104,0,C,L,78,Ross Colton,39,1.88,COL,818.03
8481580,39,1.74,0.0,2,2.0,2,84,27,1.2,47,2.09,McMichael,1,3,3,3,55,65,0,C,L,62,Connor McMichael,41,1.83,WSH,959.3
8481581,185,5.25,0.0,0,0.0,4,98,72,2.04,79,2.24,Harley,0,2,5,0,72,79,3,D,L,164,Thomas Harley,52,1.47,DAL,1294.07
8481582,25,2.15,0.0,0,0.0,3,62,19,1.63,40,3.44,Robertson,1,1,1,4,32,39,0,L,L,39,Nicholas Robertson,29,2.5,TOR,673.4
8479536,7,1.92,0.0,0,0.0,0,27,3,0.82,31,8.53,Jonsson-Fjallby,0,0,2,1,15,18,0,L,L,16,Axel Jonsson-Fjallby,3,0.82,WPG,484.0
8477492,82,2.29,5.0,3,8.0,6,93,94,2.63,63,1.76,MacKinnon,3,12,15,2,106,138,2,C,R,196,Nathan MacKinnon,51,1.42,COL,1381.59
8477493,75,2.31,4.0,2,6.0,3,97,48,1.48,156,4.81,Barkov,2,13,5,2,98,120,0,C,L,117,Aleksander Barkov,95,2.93,FLA,1202.11
8479542,49,1.74,4.0,5,9.0,1,87,45,1.6,67,2.38,Hagel,1,5,5,2,65,78,1,L,L,91,Brandon Hagel,59,2.09,TBL,1163.43
8479543,29,3.65,0.0,0,0.0,0,61,17,2.14,242,30.53,Pezzetta,0,2,2,0,15,19,0,L,L,33,Michael Pezzetta,2,0.25,MTL,467.75
8477495,131,4.6,1.0,1,2.0,2,67,60,2.1,77,2.7,Jones,0,6,9,1,50,66,2,D,R,139,Seth Jones,40,1.4,CHI,1529.05
8477498,234,6.25,0.0,1,1.0,2,106,69,1.84,217,5.8,Nurse,0,1,2,0,93,96,1,D,L,172,Darnell Nurse,22,0.58,EDM,1270.41
8477499,45,5.21,0.0,0,0.0,1,31,10,1.15,56,6.49,Ristolainen,0,1,1,0,15,17,0,D,R,26,Rasmus Ristolainen,4,0.46,PHI,1001.45
8477500,44,1.54,0.0,0,0.0,4,86,45,1.58,67,2.35,Horvat,4,4,5,1,82,96,3,C,L,96,Bo Horvat,38,1.33,NYI,1190.08
8481596,31,2.5,1.0,1,2.0,0,41,19,1.53,39,3.15,Pinto,0,2,2,2,49,55,1,C,R,40,Shane Pinto,24,1.93,OTT,1086.56
8481598,28,5.64,1.0,0,1.0,0,22,9,1.81,6,1.21,Broberg,0,0,0,0,6,6,0,D,L,18,Philip Broberg,3,0.6,EDM,810.95
8481600,7,7.6,,0,,0,4,2,2.17,4,4.34,Bjornfot,0,0,0,0,1,1,0,D,L,1,Tobias Bjornfot,0,0.0,"LAK,VGK,FLA",828.5
8481601,47,2.72,1.0,0,1.0,0,78,19,1.1,19,1.1,Holmstrom,1,0,3,0,41,45,0,R,L,38,Simon Holmstrom,54,3.13,NYI,794.69
8477506,162,6.79,0.0,0,0.0,2,63,33,1.38,113,4.73,Pulock,0,1,2,3,41,47,0,D,R,82,Ryan Pulock,22,0.92,NYI,1362.69
8477504,115,3.31,5.0,0,5.0,2,86,44,1.26,94,2.7,Morrissey,2,6,9,0,83,100,0,D,L,167,Josh Morrissey,47,1.35,WPG,1452.33
8477508,64,4.36,2.0,0,2.0,0,71,16,1.09,179,12.2,Lazar,0,1,2,2,20,25,0,C,R,31,Curtis Lazar,18,1.22,NJD,743.38
8481605,129,5.62,1.0,0,1.0,0,71,35,1.52,50,2.18,LaCombe,0,0,0,0,28,28,0,D,L,46,Jackson LaCombe,31,1.35,ANA,1162.63
8475462,154,7.17,0.0,0,0.0,2,66,40,1.86,232,10.81,Gudas,0,0,1,0,55,56,0,D,R,76,Radko Gudas,12,0.55,ANA,1170.27
8481606,60,3.26,0.0,0,0.0,0,76,18,0.97,76,4.13,Spence,1,3,0,1,28,33,0,D,R,90,Jordan Spence,7,0.38,LAK,870.48
8481604,23,2.18,0.0,0,0.0,6,48,14,1.33,18,1.71,Dorofeyev,2,2,5,2,34,45,0,L,L,33,Pavel Dorofeyev,19,1.8,VGK,788.97
8473419,44,1.49,3.0,3,6.0,6,93,92,3.12,143,4.85,Marchand,0,3,3,4,91,101,2,L,L,111,Brad Marchand,57,1.93,BOS,1140.08
8473422,39,1.78,0.0,1,1.0,4,74,26,1.18,192,8.76,Foligno,0,3,2,0,38,43,0,L,L,36,Nick Foligno,47,2.14,CHI,1065.87
8481617,4,1.07,0.0,0,0.0,0,21,1,0.26,77,20.77,Podkolzin,0,0,1,1,9,11,0,R,L,6,Vasily Podkolzin,8,2.15,VAN,635.52
8481618,31,1.99,0.0,0,0.0,3,55,30,1.93,36,2.32,Newhook,1,4,2,1,38,46,0,C,L,50,Alex Newhook,21,1.35,MTL,1015.58
8477527,27,2.9,0.0,0,0.0,1,68,11,1.18,139,14.96,Johnston,1,1,0,0,14,16,0,L,L,17,Ross Johnston,12,1.29,ANA,491.82
8481624,24,1.15,0.0,0,0.0,1,89,18,0.86,58,2.79,Mikheyev,2,1,2,4,57,66,0,R,L,44,Ilya Mikheyev,19,0.91,VAN,839.82
8479591,31,1.81,1.0,0,1.0,1,86,23,1.34,150,8.78,Eyssimont,2,2,3,1,61,69,0,C,L,74,Michael Eyssimont,31,1.81,TBL,714.51
8481656,52,2.75,0.0,0,0.0,2,82,34,1.8,38,2.01,Protas,0,4,2,1,49,56,0,C,L,39,Aliaksei Protas,47,2.49,WSH,828.31
8477573,35,4.31,0.0,1,1.0,1,45,4,0.49,95,11.71,Walker,0,2,0,1,8,11,0,L,L,22,Nathan Walker,10,1.23,STL,648.6
8479638,17,3.2,0.0,0,0.0,0,28,8,1.5,78,14.68,Brazeau,0,0,2,0,17,19,0,R,R,9,Justin Brazeau,5,0.94,BOS,682.85
8479639,3,10.0,,0,,0,1,0,0.0,1,3.33,Coghlan,0,0,0,0,1,1,0,D,R,1,Dylan Coghlan,0,0.0,CAR,1079.0
8473507,134,5.85,0.0,0,0.0,0,73,40,1.74,150,6.55,Petry,1,4,1,1,34,41,0,D,R,73,Jeff Petry,10,0.43,DET,1127.71
8473512,30,1.09,1.0,0,1.0,4,82,46,1.67,40,1.45,Giroux,1,4,4,1,54,64,1,R,R,99,Claude Giroux,53,1.93,OTT,1205.52
8481708,23,3.04,0.0,0,0.0,0,31,8,1.05,22,2.91,Jones,0,1,2,0,7,10,0,D,L,17,Zac Jones,15,1.98,NYR,877.7
8479661,28,2.41,0.0,0,0.0,1,59,15,1.29,228,19.65,Jeannot,1,3,3,0,24,31,0,L,L,31,Tanner Jeannot,6,0.51,TBL,707.76
8481716,48,2.85,0.0,0,0.0,5,75,16,0.95,83,4.93,Voronkov,0,1,8,1,51,61,0,L,L,35,Dmitri Voronkov,15,0.89,CBJ,807.41
8479671,36,3.54,0.0,0,0.0,3,54,5,0.49,163,16.05,Olivier,0,0,0,0,24,24,0,R,R,14,Mathieu Olivier,10,0.98,CBJ,676.92
8479675,61,2.34,1.0,2,3.0,5,87,25,0.96,103,3.96,Moore,4,6,7,4,107,128,0,L,L,80,Trevor Moore,42,1.61,LAK,1075.05
8473533,52,2.2,2.0,0,2.0,1,91,32,1.35,191,8.1,Staal,1,3,2,2,55,63,0,C,L,61,Jordan Staal,26,1.1,CAR,932.01
8481726,2,1.29,,0,,0,11,4,2.59,30,19.45,Edstrom,0,0,0,0,1,1,0,C,L,2,Adam Edstrom,1,0.64,NYR,504.63
8475913,43,2.12,3.0,1,4.0,5,63,36,1.77,50,2.46,Stone,0,2,6,2,39,49,1,R,R,59,Mark Stone,64,3.15,VGK,1157.55
8473563,5,2.57,0.0,0,0.0,0,8,3,1.54,2,1.03,Backstrom,0,0,0,0,4,4,0,C,L,1,Nicklas Backstrom,5,2.57,WSH,873.5
8483808,17,0.95,0.0,0,0.0,3,72,24,1.34,14,0.78,Kuzmenko,2,2,6,3,63,76,1,L,R,68,Andrei Kuzmenko,27,1.51,"VAN,CGY",893.05
8481789,27,1.77,0.0,0,0.0,1,77,9,0.59,229,15.07,Kartye,1,1,3,4,50,59,0,L,L,56,Tye Kartye,24,1.58,SEA,710.15
8479772,7,2.18,0.0,0,0.0,0,30,6,1.87,55,17.18,MacEwen,1,0,1,1,8,11,0,R,R,8,Zack MacEwen,7,2.18,OTT,383.96
8475692,50,2.3,0.0,1,1.0,1,69,38,1.74,26,1.19,Zuccarello,1,0,6,2,65,74,0,R,L,87,Mats Zuccarello,38,1.74,MIN,1133.55
8475714,16,1.07,1.0,0,1.0,0,59,12,0.8,63,4.24,Jarnkrok,0,1,2,0,41,44,1,C,R,49,Calle Jarnkrok,16,1.07,TOR,906.16
8475718,39,4.08,0.0,0,0.0,0,38,18,1.88,59,6.17,Holl,0,0,1,0,12,13,0,D,R,20,Justin Holl,7,0.73,DET,904.92
8480007,10,2.66,0.0,1,1.0,0,20,2,0.53,7,1.86,Rondbjerg,0,0,0,0,4,4,0,R,L,11,Jonas Rondbjerg,10,2.66,VGK,676.6
8475744,1,0.52,0.0,0,0.0,2,10,4,2.08,8,4.17,Kuznetsov,1,0,0,0,5,6,0,C,L,11,Evgeny Kuznetsov,1,0.52,CAR,689.8
8475745,86,2.98,4.0,1,5.0,4,95,39,1.35,190,6.6,Coyle,3,6,4,3,66,82,0,C,R,53,Charlie Coyle,59,2.05,BOS,1090.13
8475750,57,4.11,0.0,0,0.0,1,65,12,0.86,37,2.67,Merrill,0,1,1,1,16,19,0,D,L,31,Jon Merrill,8,0.57,MIN,766.83
8475753,104,4.73,2.0,0,2.0,0,60,35,1.59,83,3.77,Faulk,1,1,5,0,38,45,0,D,R,87,Justin Faulk,35,1.59,STL,1317.73
8475754,55,2.08,1.0,0,1.0,5,87,50,1.89,41,1.55,Nelson,1,8,6,7,63,85,1,C,L,91,Brock Nelson,40,1.51,NYI,1091.7
8475755,4,2.47,,0,,0,8,2,1.23,16,9.88,Petrovic,0,0,0,0,2,2,0,D,R,6,Alexander Petrovic,5,3.09,DAL,728.12
8477810,47,4.83,0.0,0,0.0,0,42,11,1.13,48,4.93,Hanley,0,0,1,0,17,18,0,D,L,29,Joel Hanley,2,0.2,"DAL,CGY",833.71
8475763,17,0.89,1.0,1,2.0,0,79,31,1.62,42,2.2,Hayes,0,3,5,1,45,54,0,R,L,64,Kevin Hayes,41,2.15,STL,868.01
8475764,119,3.6,2.0,1,3.0,1,81,44,1.33,41,1.24,Fowler,0,1,1,0,40,42,0,D,L,107,Cam Fowler,27,0.81,ANA,1465.37
8475768,27,1.59,1.0,0,1.0,3,62,21,1.24,46,2.72,Schwartz,0,1,4,2,38,45,0,C,L,47,Jaden Schwartz,40,2.36,SEA,981.74
8471675,37,1.34,3.0,7,10.0,10,82,57,2.07,101,3.67,Crosby,2,8,12,0,98,120,0,C,L,92,Sidney Crosby,73,2.65,PIT,1205.2
8475780,5,2.62,0.0,0,0.0,0,15,2,1.04,40,20.98,Wagner,1,0,0,0,3,4,0,R,R,4,Chris Wagner,1,0.52,COL,457.4
8471685,69,2.44,4.0,1,5.0,4,86,41,1.45,51,1.8,Kopitar,0,0,4,1,49,54,1,C,L,53,Anze Kopitar,51,1.8,LAK,1180.73
8475786,48,1.37,1.0,2,3.0,7,105,26,0.74,140,4.0,Hyman,1,12,6,1,129,149,1,L,R,110,Zach Hyman,41,1.17,EDM,1197.33
8475790,170,6.65,1.0,0,1.0,2,78,26,1.01,92,3.59,Gudbranson,0,1,5,3,30,39,0,D,R,88,Erik Gudbranson,21,0.82,CBJ,1179.6
8475791,3,1.1,0.0,0,0.0,1,10,3,1.1,7,2.57,Hall,0,0,0,0,11,11,0,L,L,13,Taylor Hall,5,1.83,CHI,979.8
8477839,35,3.31,0.0,0,0.0,0,57,6,0.56,19,1.8,Sheary,0,0,1,0,14,15,0,L,L,25,Conor Sheary,20,1.89,TBL,666.14
8475793,15,1.04,2.0,1,3.0,3,63,19,1.32,60,4.18,Johansen,0,1,0,0,25,26,0,C,R,28,Ryan Johansen,21,1.46,COL,818.57
8475794,28,1.15,3.0,2,5.0,2,87,34,1.4,93,3.84,Seguin,0,4,3,0,66,73,0,C,R,83,Tyler Seguin,32,1.32,DAL,1001.54
8471698,58,3.65,0.0,2,2.0,3,56,19,1.19,87,5.48,Oshie,1,2,10,1,57,71,0,R,R,43,T.J. Oshie,43,2.71,WSH,1019.42
8477845,109,4.82,0.0,0,0.0,0,73,26,1.15,23,1.01,van Riemsdyk,0,0,1,0,22,23,0,D,R,93,Trevor van Riemsdyk,27,1.19,WSH,1113.02
8475798,55,2.28,0.0,0,0.0,1,69,21,0.87,62,2.57,Granlund,2,1,4,0,46,53,1,C,L,71,Mikael Granlund,49,2.03,SJS,1257.56
8475799,45,2.21,1.0,3,4.0,1,82,18,0.88,127,6.24,Niederreiter,1,3,12,1,44,61,0,R,L,63,Nino Niederreiter,23,1.13,WPG,892.73
8471709,108,6.98,0.0,0,0.0,3,57,27,1.74,35,2.26,Vlasic,0,1,5,0,30,36,0,D,L,50,Marc-Edouard Vlasic,16,1.03,SJS,976.84
8475810,51,2.52,3.0,4,7.0,4,62,34,1.68,47,2.32,Rust,1,4,12,0,73,90,1,R,R,57,Bryan Rust,29,1.43,PIT,1174.69
8471724,136,4.03,6.0,1,7.0,2,82,64,1.89,137,4.06,Letang,1,3,8,3,60,75,0,D,R,177,Kris Letang,47,1.39,PIT,1481.3
8477887,4,2.27,0.0,0,0.0,0,12,1,0.56,34,19.33,Brown,0,0,0,0,4,4,0,C,R,3,Patrick Brown,0,0.0,BOS,527.66
8479941,46,2.72,1.0,1,2.0,3,71,12,0.71,109,6.45,Danforth,0,1,5,2,48,56,0,R,R,32,Justin Danforth,27,1.59,CBJ,856.42
8475848,35,1.97,0.0,0,0.0,4,77,27,1.52,63,3.55,Gallagher,0,4,5,2,54,65,0,R,R,77,Brendan Gallagher,28,1.58,MTL,827.44
8475855,23,1.49,1.0,0,1.0,1,73,16,1.04,79,5.15,Fast,0,0,0,0,30,30,0,R,R,25,Jesper Fast,25,1.63,CAR,756.27
8477903,73,4.27,0.0,0,0.0,0,82,16,0.93,326,19.1,Hathaway,1,0,3,1,41,46,0,R,R,41,Garnet Hathaway,13,0.76,PHI,749.29
8477919,47,3.01,0.0,0,0.0,1,67,18,1.15,24,1.54,Gaudreau,0,2,8,0,25,35,0,C,R,45,Frederick Gaudreau,17,1.09,MIN,836.53
8479968,27,3.67,0.0,0,0.0,0,46,7,0.95,53,7.21,Lettieri,0,3,0,0,22,25,0,C,R,17,Vinni Lettieri,6,0.81,MIN,575.15
8477932,107,3.99,4.0,1,5.0,2,75,52,1.94,156,5.83,Ekblad,2,2,6,4,51,65,0,D,R,109,Aaron Ekblad,16,0.59,FLA,1284.14
8479981,14,2.89,0.0,0,0.0,0,39,9,1.86,82,16.97,Gadjovich,0,0,0,0,10,10,0,L,L,16,Jonah Gadjovich,1,0.2,FLA,445.87
8477934,42,1.13,5.0,0,5.0,10,106,119,3.22,81,2.19,Draisaitl,2,11,5,3,123,144,2,C,L,132,Leon Draisaitl,105,2.84,EDM,1251.59
8477933,100,2.74,5.0,5,10.0,9,106,50,1.37,132,3.62,Reinhart,3,14,10,2,136,165,4,C,R,127,Sam Reinhart,53,1.45,FLA,1235.89
8477935,48,1.98,2.0,3,5.0,3,88,40,1.65,260,10.74,Bennett,1,7,3,0,92,103,0,C,L,146,Sam Bennett,47,1.94,FLA,989.48
8479983,195,6.55,0.0,0,0.0,1,78,30,1.0,124,4.17,Ferraro,0,0,1,1,43,45,0,D,L,101,Mario Ferraro,24,0.8,SJS,1372.16
8479982,28,4.19,0.0,0,0.0,0,25,18,2.69,34,5.09,Timmins,0,0,1,2,10,13,0,D,R,28,Conor Timmins,11,1.64,TOR,961.28
8479987,56,2.42,0.0,0,0.0,6,89,34,1.47,169,7.3,Geekie,0,1,2,1,51,55,0,C,R,50,Morgan Geekie,37,1.59,BOS,935.46
8477939,34,1.18,0.0,2,2.0,9,86,47,1.63,37,1.29,Nylander,4,11,10,6,81,112,2,R,R,167,William Nylander,69,2.4,TOR,1199.89
8479980,111,4.86,2.0,0,2.0,0,74,23,1.0,157,6.87,Hague,0,0,5,1,34,40,0,D,L,99,Nicolas Hague,13,0.56,VGK,1110.82
8477942,30,1.14,1.0,1,2.0,7,87,59,2.25,77,2.93,Fiala,3,3,4,3,108,121,1,L,L,143,Kevin Fiala,47,1.79,LAK,1084.09
8479991,1,9.27,,0,,0,1,0,0.0,0,0.0,Leschyshyn,0,0,0,0,0,0,0,C,L,0,Jake Leschyshyn,0,0.0,NYR,388.0
8479992,76,4.0,3.0,2,5.0,0,75,13,0.68,124,6.53,Rasmussen,1,6,5,1,34,47,0,C,L,37,Michael Rasmussen,18,0.94,DET,911.45
8477940,41,1.78,2.0,3,5.0,4,87,47,2.04,41,1.78,Ehlers,3,6,13,1,92,115,1,L,L,165,Nikolaj Ehlers,40,1.73,WPG,952.42
8477946,34,1.48,3.0,3,6.0,5,68,44,1.92,44,1.92,Larkin,2,5,9,3,73,92,2,C,L,112,Dylan Larkin,48,2.09,DET,1210.35
8477947,17,1.55,0.0,0,0.0,2,53,27,2.46,22,2.0,Milano,1,1,0,0,14,16,0,L,L,27,Sonny Milano,23,2.09,WSH,744.03
8479996,20,2.17,0.0,1,1.0,1,41,18,1.96,31,3.37,Glass,1,1,0,0,22,24,0,C,R,27,Cody Glass,15,1.63,NSH,805.92
8477949,82,3.36,0.0,1,1.0,3,75,31,1.27,72,2.95,Tuch,0,8,5,1,81,95,0,R,R,69,Alex Tuch,82,3.36,BUF,1170.22
8479998,138,5.08,2.0,0,2.0,0,79,29,1.06,145,5.34,Anderson,1,0,0,2,44,47,0,D,L,81,Mikey Anderson,14,0.51,LAK,1235.69
8479999,31,1.31,3.0,2,5.0,4,80,42,1.77,25,1.05,Mittelstadt,0,2,5,0,38,45,0,C,L,67,Casey Mittelstadt,45,1.9,"BUF,COL",1063.77
8477952,29,1.98,0.0,0,0.0,2,68,20,1.37,77,5.27,Fabbri,1,2,2,2,27,34,0,C,L,33,Robby Fabbri,16,1.09,DET,772.1
8477948,149,4.63,3.0,0,3.0,2,81,47,1.46,94,2.92,Sanheim,0,0,7,3,58,68,0,D,L,106,Travis Sanheim,37,1.15,PHI,1428.32
8480002,42,1.82,1.0,2,3.0,4,71,28,1.21,44,1.9,Hischier,2,3,6,1,65,77,0,C,L,69,Nico Hischier,55,2.38,NJD,1168.92
8477955,27,1.2,1.0,2,3.0,3,80,29,1.29,45,2.01,McCann,2,7,15,4,74,102,1,L,L,122,Jared McCann,42,1.87,SEA,1005.66
8477956,28,0.88,6.0,4,10.0,14,95,113,3.58,96,3.04,Pastrnak,1,14,10,4,142,171,1,R,R,221,David Pastrnak,58,1.84,BOS,1193.49
8482055,58,2.79,0.0,2,2.0,3,79,28,1.35,53,2.55,O'Connor,0,1,5,1,51,58,0,L,L,51,Drew O'Connor,37,1.78,PIT,944.73
8477960,32,1.23,2.0,2,4.0,11,82,26,1.0,125,4.81,Kempe,2,8,6,2,93,111,1,R,L,162,Adrian Kempe,32,1.23,LAK,1139.21
8480009,75,3.55,0.0,2,2.0,4,81,24,1.13,210,9.94,Tolvanen,1,6,5,3,60,75,0,R,L,102,Eeli Tolvanen,33,1.56,SEA,938.53
8477962,6,1.4,0.0,0,0.0,0,32,5,1.17,71,16.62,Lemieux,0,0,0,0,14,14,0,L,L,22,Brendan Lemieux,3,0.7,CAR,480.4
8480011,16,1.69,0.0,0,0.0,2,52,15,1.58,108,11.42,Kostin,0,2,0,2,20,24,0,C,L,21,Klim Kostin,9,0.95,"DET,SJS",654.55
8471817,17,2.33,0.0,0,0.0,0,54,9,1.23,191,26.22,Reaves,0,0,1,0,20,21,0,R,R,17,Ryan Reaves,8,1.09,TOR,485.61
8480012,79,2.54,0.0,4,4.0,5,95,37,1.19,153,4.93,Pettersson,1,8,7,11,86,113,2,C,L,119,Elias Pettersson,58,1.87,VAN,1174.76
8482062,35,1.8,0.0,1,1.0,2,85,27,1.39,247,12.75,Smith,1,2,5,1,29,38,0,R,L,48,Cole Smith,37,1.91,NSH,820.43
8480015,47,2.17,0.0,2,2.0,4,78,25,1.15,148,6.86,Tippett,3,6,7,8,89,113,1,R,R,142,Owen Tippett,33,1.53,PHI,995.16
8477964,45,1.89,2.0,1,3.0,6,89,38,1.59,221,9.3,Barbashev,1,1,5,2,52,61,0,C,L,62,Ivan Barbashev,34,1.43,VGK,961.07
8477969,159,5.13,1.0,0,1.0,1,82,32,1.03,121,3.9,Pettersson,1,1,6,4,58,70,1,D,L,91,Marcus Pettersson,26,0.83,PIT,1360.25
8480018,48,1.65,1.0,1,2.0,4,82,63,2.16,69,2.37,Suzuki,5,6,5,5,60,81,1,C,R,58,Nick Suzuki,41,1.41,MTL,1275.84
8477971,95,4.95,0.0,0,0.0,1,87,24,1.25,214,11.16,Englund,1,0,2,0,14,17,0,D,L,56,Andreas Englund,8,0.41,LAK,792.83
8482067,3,10.94,,0,,0,1,2,7.29,1,3.64,Mackey,0,0,0,0,0,0,0,D,L,1,Connor Mackey,0,0.0,NYR,987.0
8480014,28,1.89,1.0,1,2.0,3,52,13,0.88,18,1.22,Vilardi,0,0,6,3,37,46,0,C,R,25,Gabriel Vilardi,22,1.49,WPG,1020.73
8482070,23,3.46,0.0,0,0.0,1,35,5,0.75,111,16.72,Chaffee,0,0,0,1,15,16,0,R,R,14,Mitchell Chaffee,2,0.3,TBL,682.82
8480023,47,1.64,4.0,1,5.0,5,82,54,1.88,16,0.55,Thomas,2,3,5,1,62,73,0,C,R,83,Robert Thomas,70,2.44,STL,1257.98
8482073,167,6.32,0.0,0,0.0,1,98,53,2.0,199,7.53,Schneider,0,1,5,2,37,45,0,D,R,107,Braden Schneider,26,0.98,NYR,969.94
8482074,29,1.8,1.0,0,1.0,2,63,27,1.68,29,1.8,Zary,0,5,3,1,24,33,0,C,L,52,Connor Zary,16,0.99,CGY,916.41
8480027,51,1.62,2.0,2,4.0,4,101,56,1.78,103,3.29,Robertson,1,6,12,3,98,120,0,L,L,186,Jason Robertson,79,2.52,DAL,1115.44
8480028,55,2.93,0.0,0,0.0,1,71,29,1.54,57,3.04,Frost,1,2,1,0,50,54,0,C,L,70,Morgan Frost,24,1.28,PHI,949.61
8482077,35,2.91,0.0,0,0.0,1,63,24,2.0,177,14.75,Holloway,0,0,0,1,30,31,0,L,L,44,Dylan Holloway,19,1.58,EDM,685.53
8482078,27,1.11,2.0,3,5.0,4,82,25,1.03,69,2.84,Raymond,2,3,7,1,51,64,3,L,R,84,Lucas Raymond,48,1.97,DET,1065.19
8482079,37,1.61,0.0,0,0.0,3,82,21,0.91,35,1.53,Rossi,1,5,6,0,59,71,1,C,L,57,Marco Rossi,33,1.44,MIN,1003.8
8480035,106,4.52,2.0,0,2.0,1,74,29,1.23,92,3.93,Jokiharju,1,1,5,0,29,36,1,D,R,77,Henri Jokiharju,18,0.76,BUF,1138.79
8480036,139,3.66,0.0,2,2.0,1,90,51,1.34,81,2.13,Heiskanen,1,5,10,3,79,98,0,D,L,208,Miro Heiskanen,43,1.13,DAL,1518.58
8477989,19,2.44,0.0,1,1.0,0,30,14,1.8,16,2.06,Dvorak,0,1,1,0,7,9,0,C,L,19,Christian Dvorak,12,1.54,MTL,931.86
8477987,24,1.31,1.0,0,1.0,2,78,25,1.37,104,5.71,Donato,0,5,1,3,36,45,0,C,L,52,Ryan Donato,43,2.36,CHI,839.94
8482087,178,7.31,1.0,0,1.0,2,70,43,1.76,116,4.76,Guhle,3,0,4,1,25,33,1,D,L,62,Kaiden Guhle,25,1.02,MTL,1251.04
8480039,34,1.33,1.0,2,3.0,6,88,61,2.39,90,3.53,Necas,1,9,8,3,98,119,2,C,R,132,Martin Necas,29,1.13,CAR,1042.73
8482088,2,4.52,,0,,0,3,1,2.26,5,11.31,Sourdif,0,0,0,0,0,0,0,R,R,0,Justin Sourdif,0,0.0,FLA,530.33
8482089,45,2.23,0.0,1,1.0,7,77,17,0.84,138,6.84,Neighbours,1,5,8,1,34,49,0,L,L,39,Jake Neighbours,39,1.93,STL,942.41
8480043,121,6.1,0.0,0,0.0,0,61,43,2.17,104,5.24,Liljegren,0,3,3,1,29,36,0,D,R,71,Timothy Liljegren,11,0.55,TOR,1169.21
8482092,41,2.31,0.0,1,1.0,2,72,19,1.07,129,7.29,Greig,1,2,3,1,36,43,0,C,L,44,Ridly Greig,28,1.58,OTT,884.58
8482093,63,2.16,2.0,5,7.0,3,92,47,1.61,142,4.88,Jarvis,1,6,11,3,76,97,1,C,R,66,Seth Jarvis,48,1.65,CAR,1138.11
8484144,27,1.2,0.0,1,1.0,7,68,57,2.54,54,2.4,Bedard,4,7,13,7,62,93,1,C,R,102,Connor Bedard,47,2.09,CHI,1187.0
8484145,35,2.03,0.0,1,1.0,1,71,20,1.16,35,2.03,Benson,0,1,4,1,37,43,0,L,L,36,Zach Benson,31,1.8,BUF,871.04
8482097,12,1.7,0.0,0,0.0,0,27,7,0.99,31,4.4,Quinn,1,4,5,1,18,29,0,R,R,24,Jack Quinn,9,1.27,BUF,938.48
8480049,123,5.68,1.0,0,1.0,1,83,38,1.75,74,3.42,Samberg,0,4,3,1,25,33,0,D,L,75,Dylan Samberg,28,1.29,WPG,937.91
8484149,0,0.0,,0,,0,1,1,4.86,0,0.0,Brindley,0,0,0,0,0,0,0,C,R,1,Gavin Brindley,0,0.0,CBJ,740.0
8475958,3,0.65,0.0,0,0.0,0,25,11,2.4,16,3.5,Sgarbossa,0,1,0,0,11,12,0,C,L,6,Michael Sgarbossa,8,1.75,WSH,658.24
8484153,25,1.5,0.0,0,0.0,0,55,34,2.04,28,1.68,Carlsson,0,5,3,1,26,35,0,C,L,40,Leo Carlsson,41,2.46,ANA,1086.54
8482105,139,4.54,1.0,1,2.0,2,79,82,2.68,49,1.6,Sanderson,0,6,8,4,60,78,1,D,L,119,Jake Sanderson,34,1.11,OTT,1393.1
8478010,48,1.66,1.0,1,2.0,7,86,41,1.42,25,0.86,Point,1,4,4,4,88,101,0,C,R,109,Brayden Point,41,1.42,TBL,1204.36
8482109,27,0.96,2.0,2,4.0,6,98,30,1.06,114,4.06,Lafrenière,2,8,10,2,98,120,1,L,L,98,Alexis Lafrenière,55,1.96,NYR,1030.23
8482110,43,1.82,0.0,0,0.0,2,82,37,1.57,30,1.27,Mercer,0,3,5,1,39,48,0,C,R,52,Dawson Mercer,40,1.69,NJD,1033.04
8478013,151,7.27,0.0,0,0.0,0,63,27,1.3,42,2.02,Walman,0,1,3,1,47,52,2,D,L,94,Jake Walman,18,0.86,DET,1186.15
8482113,57,2.15,2.0,2,4.0,2,102,50,1.88,105,3.96,Lundell,2,5,9,2,67,85,1,C,L,88,Anton Lundell,47,1.77,FLA,934.29
8480064,30,2.04,0.0,0,0.0,3,50,27,1.83,86,5.85,Norris,2,3,2,3,29,39,0,C,L,54,Josh Norris,22,1.49,OTT,1058.24
8478017,35,7.46,0.0,0,0.0,0,23,3,0.63,33,7.03,Friedman,0,0,3,0,14,17,0,D,R,12,Mark Friedman,2,0.42,VAN,733.95
8482116,41,1.55,0.0,2,2.0,1,75,68,2.57,100,3.78,Stützle,0,4,6,2,65,77,2,C,L,98,Tim Stützle,48,1.81,OTT,1267.1
8480069,171,4.65,2.0,0,2.0,2,88,47,1.27,43,1.17,Makar,3,8,8,1,121,141,0,D,R,217,Cale Makar,81,2.2,COL,1502.72
8482118,2,3.18,,0,,0,3,1,1.59,3,4.77,Colangelo,0,0,0,0,1,1,0,R,R,2,Sam Colangelo,2,3.18,ANA,753.33
8480070,13,3.91,0.0,0,0.0,0,13,1,0.3,3,0.9,Mitchell,0,0,0,0,2,2,0,D,R,8,Ian Mitchell,0,0.0,BOS,918.46
8484166,25,1.94,0.0,1,1.0,0,49,15,1.16,63,4.91,Fantilli,1,6,1,0,47,55,0,C,L,77,Adam Fantilli,18,1.4,CBJ,942.61
8480068,101,5.24,2.0,0,2.0,2,77,11,0.57,62,3.22,Poehling,1,4,1,2,34,42,0,C,L,37,Ryan Poehling,23,1.19,PHI,899.74
8482122,150,4.39,1.0,1,2.0,2,82,35,1.02,65,1.9,Faber,1,1,4,1,43,50,0,D,R,107,Brock Faber,15,0.43,MIN,1498.45
8480074,36,1.82,3.0,1,4.0,2,78,16,0.81,57,2.88,Texier,0,4,5,0,39,48,0,C,L,78,Alexandre Texier,21,1.06,CBJ,910.84
8482124,19,0.81,2.0,2,4.0,3,85,18,0.77,77,3.3,Byfield,0,3,4,3,80,90,0,R,L,77,Quinton Byfield,49,2.1,LAK,988.01
8482125,17,1.06,0.0,0,0.0,4,82,21,1.32,44,2.76,Holtz,0,6,5,1,46,58,0,R,R,63,Alexander Holtz,10,0.62,NJD,698.09
8480078,9,2.28,0.0,0,0.0,0,16,3,0.76,12,3.04,Chytil,0,1,0,0,17,18,0,C,L,14,Filip Chytil,4,1.01,NYR,887.87
8480084,42,5.49,0.0,0,0.0,1,34,13,1.7,29,3.79,DeSimone,0,0,0,0,10,10,0,D,R,31,Nick DeSimone,3,0.39,"CGY,NJD",808.85
8478038,123,3.39,2.0,2,4.0,0,92,55,1.51,88,2.42,Toews,1,1,3,5,56,66,0,D,L,155,Devon Toews,69,1.9,COL,1417.27
8482133,19,2.81,0.0,0,0.0,3,27,5,0.73,12,1.77,Bordeleau,0,0,2,3,21,26,0,C,L,15,Thomas Bordeleau,11,1.62,SJS,901.44
8482142,43,3.86,0.0,0,0.0,0,34,11,0.98,26,2.33,Drysdale,0,1,2,0,25,28,0,D,R,50,Jamie Drysdale,6,0.53,"ANA,PHI",1177.41
8478047,21,0.99,0.0,0,0.0,4,81,47,2.21,49,2.31,Bunting,1,2,9,1,61,74,0,L,L,90,Michael Bunting,38,1.79,"CAR,PIT",941.13
8482145,0,0.0,,0,,0,2,0,0.0,2,6.36,Bourque,0,1,0,0,3,4,0,C,R,2,Mavrik Bourque,0,0.0,DAL,566.0
8482146,23,1.15,0.0,1,1.0,2,86,49,2.45,32,1.6,Evangelista,1,2,2,0,48,53,0,R,R,60,Luke Evangelista,40,2.0,NSH,834.9
8482147,0,0.0,,0,,0,4,1,2.33,0,0.0,Foudy,0,0,0,0,0,0,0,C,R,0,Jean-Luc Foudy,0,0.0,COL,386.25
8482149,23,1.41,0.0,2,2.0,3,72,14,0.86,29,1.78,Perfetti,0,4,4,1,36,45,0,C,L,44,Cole Perfetti,18,1.1,WPG,813.09
8478055,132,3.42,3.0,1,4.0,1,103,62,1.6,155,4.02,Forsling,0,9,6,6,65,86,1,D,L,222,Gustav Forsling,62,1.6,FLA,1346.33
8478057,47,2.53,1.0,4,5.0,1,76,25,1.34,318,17.15,Joshua,0,2,2,0,38,42,0,C,L,29,Dakota Joshua,34,1.83,VAN,877.88
8482153,4,1.29,0.0,0,0.0,0,15,4,1.29,13,4.21,Brisson,0,0,2,0,13,15,0,C,L,12,Brendan Brisson,5,1.62,VGK,740.2
8484203,1,3.13,,0,,0,1,0,0.0,0,0.0,Nadeau,0,0,0,0,2,2,0,L,R,2,Bradly Nadeau,0,0.0,CAR,1148.0
8482155,29,1.53,0.0,0,0.0,2,86,26,1.37,135,7.12,Laferriere,0,8,4,1,86,99,0,R,R,89,Alex Laferriere,21,1.1,LAK,792.95
8482157,32,1.77,0.0,0,0.0,3,97,19,1.05,295,16.36,Cuylle,0,0,3,1,41,45,0,L,L,59,Will Cuylle,13,0.72,NYR,669.12
8482159,49,2.21,0.0,0,0.0,1,77,12,0.54,102,4.6,Foerster,0,1,5,2,64,72,0,R,R,81,Tyson Foerster,36,1.62,PHI,1036.12
8480113,77,3.52,3.0,0,3.0,2,87,21,0.96,49,2.24,Iafallo,1,3,7,1,65,77,0,L,L,55,Alex Iafallo,29,1.32,WPG,903.4
8482172,6,1.99,0.0,0,0.0,0,16,2,0.66,16,5.32,Slaggert,1,2,0,0,4,7,0,L,L,6,Landon Slaggert,6,1.99,CHI,675.87
8482175,18,0.8,0.0,1,1.0,9,82,27,1.2,27,1.2,Peterka,2,11,10,3,67,93,0,R,L,106,JJ Peterka,39,1.74,BUF,983.54
8482177,9,2.57,0.0,0,0.0,0,16,4,1.14,16,4.57,Khusnutdinov,0,2,0,0,8,10,0,C,L,5,Marat Khusnutdinov,7,2.0,MIN,786.62
8473986,25,1.27,0.0,0,0.0,2,63,33,1.67,72,3.66,Killorn,1,0,0,1,56,58,1,L,L,72,Alex Killorn,29,1.47,ANA,1123.92
8473994,61,2.33,6.0,0,6.0,4,101,38,1.45,161,6.17,Benn,1,3,8,3,68,83,0,L,L,96,Jamie Benn,61,2.33,DAL,929.92
8480144,29,1.51,2.0,1,3.0,1,85,18,0.94,97,5.08,Kampf,1,0,2,1,21,25,0,C,L,38,David Kampf,28,1.46,TOR,808.54
8480145,130,4.29,1.0,0,1.0,2,87,56,1.84,240,7.92,Pionk,0,4,6,1,61,72,0,D,R,101,Neal Pionk,36,1.18,WPG,1253.62
8484258,22,4.03,0.0,0,0.0,0,23,10,1.83,14,2.56,Malinski,0,0,0,0,18,18,0,D,R,25,Sam Malinski,8,1.46,COL,853.52
8478115,22,1.08,1.0,1,2.0,4,79,42,2.07,32,1.57,Engvall,0,2,1,1,48,52,0,L,L,69,Pierre Engvall,23,1.13,NYI,923.48
8480172,110,4.85,0.0,2,2.0,0,69,16,0.7,69,3.04,Rutta,0,0,2,0,32,34,0,D,R,99,Jan Rutta,14,0.61,SJS,1183.23
8478133,65,2.96,1.0,1,2.0,3,82,30,1.37,86,3.92,Evans,0,1,3,1,37,42,0,C,R,51,Jake Evans,27,1.23,MTL,961.09
8478136,161,6.09,1.0,1,2.0,0,80,22,0.83,148,5.6,Middleton,0,1,1,0,31,33,0,D,L,72,Jake Middleton,21,0.79,MIN,1188.5
8480185,76,2.72,3.0,3,6.0,2,106,38,1.36,193,6.91,Luostarinen,0,3,10,4,65,82,0,C,L,75,Eetu Luostarinen,68,2.43,FLA,947.63
8480188,71,2.75,0.0,0,0.0,6,82,32,1.24,120,4.65,Zetterlund,1,2,12,0,94,109,0,L,R,114,Fabian Zetterlund,43,1.66,SJS,1131.36
8484287,0,0.0,,0,,0,1,0,0.0,0,0.0,McWard,0,0,0,0,0,0,0,D,R,3,Cole McWard,0,0.0,VAN,545.0
8480192,83,4.86,0.0,0,0.0,0,62,50,2.92,74,4.33,Kovacevic,0,0,3,2,27,32,0,D,R,72,Johnathan Kovacevic,9,0.52,MTL,991.09
8482245,122,5.04,0.0,2,2.0,1,69,31,1.28,139,5.75,Zub,0,2,1,0,41,44,0,D,R,59,Artem Zub,14,0.57,OTT,1261.08
8474053,8,4.26,0.0,0,0.0,0,6,1,0.53,8,4.26,Couture,0,0,0,0,7,7,0,C,L,6,Logan Couture,2,1.06,SJS,1125.16
8484304,15,2.45,0.0,0,0.0,0,26,11,1.8,33,5.4,Balinskis,0,0,0,0,7,7,0,D,L,16,Uvis Balinskis,5,0.81,FLA,846.07
8480208,33,1.32,2.0,0,2.0,3,82,40,1.61,98,3.94,Batherson,3,5,7,4,80,99,1,R,R,96,Drake Batherson,46,1.85,OTT,1090.4
8482259,18,1.66,0.0,2,2.0,3,56,12,1.11,117,10.84,McMann,3,2,3,0,33,41,0,C,L,37,Bobby McMann,21,1.94,TOR,693.55
8480220,35,2.57,0.0,1,1.0,1,59,5,0.36,52,3.83,Cates,1,0,3,0,31,35,0,L,L,44,Noah Cates,33,2.43,PHI,827.83
8478178,111,4.11,0.0,0,0.0,2,85,30,1.11,87,3.22,Raddysh,1,2,4,4,52,63,1,D,R,89,Darren Raddysh,14,0.51,TBL,1142.1
8480246,117,5.19,1.0,1,2.0,0,79,26,1.15,87,3.86,Perbix,1,0,1,0,29,31,1,D,R,67,Nick Perbix,29,1.28,TBL,1025.72
8478211,6,1.15,0.0,0,0.0,1,28,8,1.54,73,14.05,Hunt,0,0,0,1,12,13,0,L,L,10,Dryden Hunt,14,2.69,CGY,667.75
8480274,0,0.0,,0,,0,1,0,0.0,0,0.0,Kemp,0,0,0,0,0,0,0,D,R,0,Philip Kemp,0,0.0,EDM,123.0
8480281,55,3.21,0.0,1,1.0,5,82,13,0.75,165,9.64,Toropchenko,0,0,1,0,31,32,0,R,L,33,Alexey Toropchenko,21,1.22,STL,751.31
8478233,33,1.65,3.0,3,6.0,3,75,29,1.45,89,4.45,Mangiapane,1,6,8,2,62,79,0,L,L,70,Andrew Mangiapane,24,1.2,CGY,959.72
8474141,13,0.84,0.0,0,0.0,5,50,30,1.95,14,0.91,Kane,1,6,5,2,33,47,3,R,L,72,Patrick Kane,14,0.91,DET,1102.58
8480289,45,3.21,0.0,2,2.0,1,80,10,0.71,122,8.71,Barron,0,0,4,1,22,27,0,C,L,28,Morgan Barron,26,1.85,WPG,629.81
8474149,34,2.22,1.0,0,1.0,1,70,17,1.11,56,3.66,Dadonov,1,2,6,0,61,70,0,R,L,43,Evgenii Dadonov,24,1.56,DAL,786.3
8474150,33,1.25,4.0,2,6.0,2,82,56,2.13,70,2.66,Backlund,0,7,13,1,77,98,0,C,L,84,Mikael Backlund,61,2.32,CGY,1154.07
8474151,154,5.26,2.0,0,2.0,0,80,61,2.08,48,1.64,McDonagh,1,2,1,0,41,45,1,D,L,88,Ryan McDonagh,37,1.26,NSH,1316.31
8474189,56,2.56,0.0,2,2.0,1,82,37,1.69,55,2.52,Eller,2,2,7,2,59,72,0,C,L,74,Lars Eller,54,2.47,PIT,957.92
8480355,31,3.82,0.0,0,0.0,1,63,15,1.84,126,15.53,Kastelic,0,1,1,0,15,17,0,C,R,13,Mark Kastelic,13,1.6,OTT,463.46
8476292,49,2.64,0.0,0,0.0,2,71,26,1.4,92,4.96,Palat,1,1,2,2,39,46,0,L,L,46,Ondrej Palat,23,1.24,NJD,938.91
8476312,131,4.98,0.0,2,2.0,1,87,59,2.24,250,9.51,Manson,0,1,5,0,60,66,0,D,R,146,Josh Manson,52,1.98,COL,1086.66
8482460,9,3.31,0.0,0,0.0,1,28,0,0.0,88,32.39,Rempe,0,1,1,0,1,3,0,C,R,6,Matt Rempe,2,0.73,NYR,349.21
8478366,78,3.11,1.0,2,3.0,4,82,29,1.15,156,6.22,Vatrano,2,5,2,1,67,77,2,R,L,105,Frank Vatrano,31,1.23,ANA,1100.68
8482470,17,6.41,0.0,0,0.0,0,10,3,1.13,14,5.28,Solovyov,0,1,1,0,4,6,0,D,L,9,Ilya Solovyov,0,0.0,CGY,953.7
8482475,28,2.08,1.0,0,1.0,1,53,7,0.52,43,3.2,Chinakhov,2,4,5,4,51,66,0,R,L,84,Yegor Chinakhov,28,2.08,CBJ,910.05
8476331,142,4.49,0.0,0,0.0,0,87,61,1.93,187,5.92,DeMelo,1,1,0,0,41,43,0,D,R,73,Dylan DeMelo,17,0.53,WPG,1306.09
8476346,23,0.9,1.0,2,3.0,1,81,40,1.57,2,0.07,Gaudreau,3,4,8,1,40,56,1,L,L,96,Johnny Gaudreau,34,1.33,CBJ,1128.77
8478396,121,3.84,1.0,0,1.0,0,80,67,2.12,63,2.0,Hanifin,0,6,3,4,91,104,0,D,L,145,Noah Hanifin,59,1.87,"CGY,VGK",1416.83
8478397,186,6.0,1.0,1,2.0,0,78,60,1.93,42,1.35,Andersson,1,3,5,4,66,79,1,D,R,102,Rasmus Andersson,31,1.0,CGY,1429.57
8478398,21,0.9,2.0,4,6.0,6,70,33,1.42,18,0.77,Connor,2,8,8,4,54,76,3,L,L,120,Kyle Connor,42,1.81,WPG,1187.98
8478399,97,5.27,1.0,0,1.0,0,57,30,1.63,87,4.73,Siegenthaler,0,0,1,0,24,25,0,D,L,63,Jonas Siegenthaler,9,0.48,NJD,1160.31
8482496,24,2.92,0.0,0,0.0,0,48,4,0.48,37,4.51,Aman,0,0,0,2,9,11,0,C,L,5,Nils Aman,7,0.85,VAN,614.54
8478401,38,1.38,1.0,1,2.0,6,91,42,1.52,131,4.77,Zacha,1,3,2,2,62,70,1,C,L,56,Pavel Zacha,31,1.12,BOS,1086.12
8478402,55,1.5,5.0,2,7.0,10,101,100,2.72,161,4.39,McDavid,3,18,11,4,90,126,2,C,L,126,Connor McDavid,93,2.53,EDM,1306.39
8478403,68,2.82,1.0,3,4.0,7,70,45,1.87,38,1.58,Eichel,4,7,13,4,54,82,2,C,R,101,Jack Eichel,62,2.57,VGK,1236.14
8478407,64,2.81,2.0,1,3.0,1,59,34,1.49,39,1.71,Dunn,0,1,6,1,44,52,0,D,L,156,Vince Dunn,30,1.32,SEA,1385.22
8480459,28,1.37,0.0,0,0.0,3,80,7,0.34,67,3.28,Suter,1,2,7,1,45,56,0,C,L,50,Pius Suter,35,1.71,VAN,918.71
8478413,65,3.37,1.0,1,2.0,2,67,21,1.09,141,7.32,Greenway,0,3,1,2,37,43,0,L,L,48,Jordan Greenway,30,1.55,BUF,1034.97
8478414,42,2.07,1.0,1,2.0,3,69,29,1.43,111,5.48,Meier,1,8,8,2,89,109,1,R,L,101,Timo Meier,34,1.67,NJD,1056.08
8482511,80,5.42,0.0,0,0.0,1,52,37,2.51,44,2.98,Lohrei,0,1,3,1,18,23,0,D,L,56,Mason Lohrei,13,0.88,BOS,1020.51
8478416,116,4.87,2.0,0,2.0,1,74,28,1.17,222,9.33,Cernak,1,0,1,1,21,24,0,D,R,62,Erik Cernak,18,0.75,TBL,1157.06
8478420,62,1.77,6.0,3,9.0,7,91,46,1.31,74,2.11,Rantanen,6,14,9,2,107,138,0,R,L,142,Mikko Rantanen,51,1.45,COL,1382.69
8476372,205,10.22,0.0,0,0.0,0,71,30,1.49,132,6.58,Seeler,0,1,2,2,45,50,0,D,L,75,Nick Seeler,10,0.49,PHI,1016.9
8476374,34,2.39,1.0,0,1.0,1,62,16,1.12,156,10.99,Kuraly,0,2,1,2,29,34,0,C,L,41,Sean Kuraly,16,1.12,CBJ,824.11
8478427,25,0.84,5.0,3,8.0,8,89,71,2.4,69,2.33,Aho,3,7,5,1,95,111,2,C,L,108,Sebastian Aho,55,1.86,CAR,1194.65
8478434,44,2.85,0.0,0,0.0,0,85,20,1.29,297,19.26,Kolesar,1,3,1,0,28,33,0,R,R,37,Keegan Kolesar,22,1.42,VGK,652.84
8476389,102,2.87,4.0,2,6.0,8,98,46,1.29,239,6.73,Trocheck,2,12,22,1,142,179,2,C,R,102,Vincent Trocheck,63,1.77,NYR,1303.77
8478438,36,2.01,0.0,0,0.0,3,77,26,1.45,9,0.5,Novak,0,4,5,1,61,71,0,C,L,62,Tommy Novak,51,2.85,NSH,834.84
8478439,32,1.27,1.0,1,2.0,7,76,30,1.19,90,3.58,Konecny,0,10,12,1,100,123,0,R,R,124,Travis Konecny,53,2.1,PHI,1190.42
8478440,63,2.43,0.0,0,0.0,3,86,40,1.54,18,0.69,Strome,0,5,11,5,56,77,3,C,L,71,Dylan Strome,43,1.66,WSH,1083.68
8476392,68,2.96,3.0,1,4.0,2,86,18,0.78,206,8.98,Lowry,0,1,2,2,76,81,1,C,L,45,Adam Lowry,38,1.65,WPG,960.15
8478443,164,5.55,0.0,0,0.0,0,89,43,1.45,174,5.89,Carlo,0,1,7,1,41,50,0,D,R,65,Brandon Carlo,27,0.91,BOS,1194.25
8478444,37,1.26,2.0,4,6.0,7,93,26,0.89,63,2.15,Boeser,1,7,6,2,86,102,1,R,R,124,Brock Boeser,36,1.23,VAN,1129.31
8478445,55,1.92,0.0,1,1.0,3,85,95,3.32,59,2.06,Barzal,2,4,10,1,71,88,3,C,R,99,Mathew Barzal,86,3.0,NYI,1211.48
8476399,57,2.55,0.0,7,7.0,2,78,34,1.52,128,5.74,Coleman,0,5,6,6,54,71,0,C,L,82,Blake Coleman,43,1.93,CGY,1027.98
8478449,48,1.75,4.0,4,8.0,4,95,40,1.46,56,2.04,Hintz,1,3,16,1,73,94,2,C,L,82,Roope Hintz,30,1.09,DAL,1035.23
8478450,91,6.05,0.0,0,0.0,0,51,31,2.06,106,7.04,Wotherspoon,0,0,3,0,11,14,0,D,L,44,Parker Wotherspoon,13,0.86,BOS,1061.35
8478451,31,5.19,0.0,0,0.0,1,24,9,1.5,16,2.68,Bear,1,1,2,0,14,18,0,D,R,21,Ethan Bear,2,0.33,WSH,894.33
8478454,86,6.21,0.0,0,0.0,1,56,17,1.22,174,12.57,Juulsen,0,0,1,0,29,30,0,D,R,47,Noah Juulsen,9,0.65,VAN,889.41
8478460,130,4.55,0.0,1,1.0,2,70,26,0.91,23,0.8,Werenski,2,5,6,1,69,83,0,D,L,157,Zach Werenski,35,1.22,CBJ,1467.08
8478462,41,2.09,2.0,2,4.0,1,77,27,1.37,102,5.2,Roy,2,2,6,1,35,46,0,C,R,60,Nicolas Roy,44,2.24,VGK,916.64
8476419,86,3.75,1.0,0,1.0,3,86,33,1.43,201,8.76,Pageau,1,3,4,1,44,53,1,C,R,36,Jean-Gabriel Pageau,27,1.17,NYI,959.95
8478468,120,4.55,1.0,1,2.0,1,85,29,1.1,406,15.4,Lauzon,0,1,6,0,44,51,0,D,L,99,Jeremy Lauzon,16,0.6,NSH,1116.27
8478469,88,4.49,0.0,0,0.0,0,51,36,1.83,44,2.24,Chabot,2,3,3,1,37,46,0,D,L,98,Thomas Chabot,25,1.27,OTT,1382.7
8478472,49,2.47,0.0,1,1.0,4,72,36,1.82,105,5.31,Joseph,2,5,6,0,52,65,0,R,L,46,Mathieu Joseph,69,3.49,OTT,988.31
8476429,106,8.26,0.0,0,0.0,0,41,35,2.72,70,5.45,Mayfield,0,1,2,0,14,17,0,D,R,54,Scott Mayfield,7,0.54,NYI,1125.87
8476432,74,3.8,2.0,1,3.0,7,58,19,0.97,119,6.12,Jenner,3,8,4,3,64,82,0,C,L,50,Boone Jenner,24,1.23,CBJ,1205.75
8478483,52,1.92,3.0,0,3.0,5,76,62,2.3,65,2.41,Marner,1,6,4,5,76,92,0,R,R,136,Mitch Marner,64,2.37,TOR,1276.27
8476438,16,0.75,0.0,1,1.0,5,82,17,0.8,17,0.8,Saad,2,4,4,1,45,56,2,L,L,47,Brandon Saad,33,1.55,STL,930.18
8476442,9,2.11,0.0,0,0.0,0,22,4,0.93,14,3.28,Nieto,0,1,0,0,9,10,0,L,L,4,Matt Nieto,4,0.93,PIT,696.68
8478493,55,2.08,4.0,2,6.0,5,77,17,0.64,168,6.37,Eriksson Ek,1,2,10,3,77,93,0,C,L,64,Joel Eriksson Ek,37,1.4,MIN,1231.64
8476448,51,2.27,4.0,3,7.0,2,77,38,1.69,51,2.27,Karlsson,0,3,1,1,63,68,0,C,L,74,William Karlsson,44,1.96,VGK,1047.03
8478500,155,5.11,1.0,0,1.0,1,82,40,1.32,66,2.17,Provorov,1,2,8,1,35,47,0,D,L,85,Ivan Provorov,22,0.72,CBJ,1329.74
8476453,38,1.22,7.0,7,14.0,3,86,106,3.41,58,1.86,Kucherov,2,7,12,10,130,161,1,R,L,188,Nikita Kucherov,62,1.99,TBL,1299.29
8476454,48,1.38,1.0,1,2.0,2,105,43,1.24,105,3.03,Nugent-Hopkins,4,12,8,2,84,110,0,C,L,123,Ryan Nugent-Hopkins,72,2.07,EDM,1187.36
8476456,37,1.57,3.0,0,3.0,2,81,66,2.8,60,2.55,Huberdeau,0,5,9,0,52,66,0,C,L,70,Jonathan Huberdeau,52,2.21,CGY,1045.32
8476457,151,4.87,0.0,0,0.0,1,81,18,0.58,162,5.22,Larsson,0,0,3,0,54,57,0,D,R,117,Adam Larsson,22,0.71,SEA,1376.7
8476458,21,1.0,0.0,0,0.0,2,79,42,2.01,64,3.07,Strome,0,2,7,0,34,43,0,C,R,40,Ryan Strome,29,1.39,ANA,947.93
8476459,68,2.1,3.0,2,5.0,6,97,62,1.91,61,1.88,Zibanejad,3,8,17,4,115,147,2,C,R,85,Mika Zibanejad,60,1.85,NYR,1200.02
8476460,45,1.68,4.0,5,9.0,6,79,34,1.27,76,2.84,Scheifele,0,4,4,1,60,69,1,C,R,58,Mark Scheifele,47,1.75,WPG,1216.92
8476461,41,1.86,1.0,0,1.0,1,74,31,1.41,59,2.68,Couturier,2,5,2,2,46,57,2,C,L,67,Sean Couturier,47,2.13,PHI,1069.43
8476462,24,3.43,0.0,0,0.0,0,20,14,2.0,18,2.57,Hamilton,0,2,2,0,23,27,0,D,R,62,Dougie Hamilton,5,0.71,NJD,1258.5
8476463,142,5.87,1.0,1,2.0,1,62,21,0.86,21,0.86,Brodin,0,0,3,1,39,43,0,D,L,73,Jonas Brodin,26,1.07,MIN,1402.33
8476467,177,6.59,1.0,0,1.0,0,82,29,1.07,110,4.09,Oleksiak,1,1,3,0,33,38,0,D,L,67,Jamie Oleksiak,33,1.22,SEA,1178.91
8476468,69,2.22,5.0,0,5.0,9,94,57,1.84,259,8.36,Miller,0,8,8,3,116,135,2,C,L,87,J.T. Miller,41,1.32,VAN,1185.6
8476469,41,2.39,2.0,1,3.0,4,66,34,1.98,49,2.86,Armia,0,2,6,0,34,42,0,R,R,41,Joel Armia,30,1.75,MTL,933.09
8478519,81,3.12,4.0,3,7.0,3,84,27,1.04,85,3.27,Cirelli,2,3,2,1,56,64,1,C,L,58,Anthony Cirelli,49,1.88,TBL,1111.11
8476473,113,7.43,0.0,0,0.0,1,46,26,1.71,116,7.62,Murphy,0,2,4,1,12,19,0,D,R,41,Connor Murphy,12,0.78,CHI,1189.91
8476479,65,2.61,2.0,1,3.0,4,83,38,1.52,86,3.45,Danault,1,3,1,0,60,65,0,C,L,58,Phillip Danault,24,0.96,LAK,1078.51
8482624,34,4.1,0.0,0,0.0,0,24,14,1.68,7,0.84,Miromanov,0,2,3,0,21,26,0,D,R,40,Daniil Miromanov,9,1.08,"VGK,CGY",1243.33
8476480,47,2.39,1.0,1,2.0,2,82,17,0.86,100,5.09,Namestnikov,2,3,1,1,45,52,0,C,L,38,Vladislav Namestnikov,16,0.81,WPG,861.34
8476483,40,2.07,1.0,0,1.0,3,70,18,0.93,112,5.81,Rakell,0,2,9,1,65,77,0,R,R,85,Rickard Rakell,28,1.45,PIT,990.94
8482634,0,0.0,,0,,0,1,0,0.0,6,35.17,Steeves,0,0,0,0,2,2,0,C,L,0,Alex Steeves,1,5.86,TOR,614.0
8478542,38,1.45,0.0,0,0.0,4,104,42,1.6,158,6.05,Rodrigues,0,3,5,4,75,87,0,C,R,142,Evan Rodrigues,42,1.6,FLA,903.64
8478550,21,0.63,2.0,5,7.0,10,98,87,2.63,29,0.87,Panarin,5,8,8,8,123,152,2,L,R,263,Artemi Panarin,36,1.09,NYR,1212.66
8482652,13,2.4,0.0,0,0.0,0,40,8,1.47,67,12.38,Duehr,0,0,2,1,18,21,0,R,R,12,Walker Duehr,3,0.55,CGY,487.0
8482655,112,4.08,1.0,0,1.0,2,80,35,1.27,99,3.6,Moser,0,1,5,1,28,35,0,D,L,79,J.J. Moser,21,0.76,ARI,1234.28
8482660,16,1.68,0.0,0,0.0,0,42,7,0.73,10,1.05,Johnson,1,2,1,2,18,24,1,C,L,33,Kent Johnson,16,1.68,CBJ,812.5
8478569,85,7.14,0.0,0,0.0,1,55,8,0.67,124,10.42,Acciari,0,0,2,0,17,19,0,C,R,22,Noel Acciari,26,2.18,PIT,778.25
8482666,2,3.26,,0,,0,2,1,1.63,1,1.63,Morrow,0,0,0,0,2,2,0,D,R,3,Scott Morrow,0,0.0,CAR,1103.0
8482665,44,1.9,0.0,0,0.0,2,77,31,1.34,52,2.25,Beniers,1,5,3,5,44,58,0,C,L,82,Matty Beniers,45,1.95,SEA,1077.79
8482667,72,2.89,1.0,1,2.0,3,80,23,0.92,39,1.56,Eklund,2,2,1,3,69,77,2,L,L,67,William Eklund,24,0.96,SJS,1119.72
8482671,115,3.96,1.0,0,1.0,0,76,36,1.24,45,1.55,Power,2,5,1,1,41,50,0,D,L,68,Owen Power,20,0.68,BUF,1375.19
8478585,36,2.46,2.0,0,2.0,2,89,25,1.71,94,6.43,Ryan,0,4,3,0,16,23,0,C,R,23,Derek Ryan,45,3.08,EDM,590.6
8482684,55,1.87,0.0,0,0.0,0,82,69,2.35,24,0.81,Hughes,1,4,7,1,51,64,1,D,L,202,Luke Hughes,42,1.43,NJD,1288.41
8482702,29,2.65,0.0,1,1.0,2,43,12,1.09,44,4.02,Stankoven,0,2,2,0,46,50,0,C,R,48,Logan Stankoven,20,1.82,DAL,916.09
8482705,74,3.57,0.0,1,1.0,2,77,21,1.01,119,5.75,Sillinger,0,4,5,0,56,65,0,C,L,59,Cole Sillinger,31,1.49,CBJ,967.16
8482713,3,2.13,,0,,0,7,5,3.56,5,3.56,Samoskevich,0,0,0,0,4,4,0,R,R,2,Mackie Samoskevich,1,0.71,FLA,722.28
8482720,39,1.95,0.0,0,0.0,6,87,34,1.7,192,9.6,Knies,0,4,3,1,40,48,1,L,L,30,Matthew Knies,40,2.0,TOR,827.45
8482730,21,5.76,0.0,0,0.0,0,16,2,0.54,6,1.64,Clarke,0,0,1,0,8,9,1,D,R,14,Brandt Clarke,1,0.27,LAK,819.06
8482740,56,1.88,3.0,1,4.0,9,101,40,1.34,78,2.62,Johnston,1,15,13,3,98,130,1,C,R,138,Wyatt Johnston,55,1.84,DAL,1061.11
8482745,33,1.9,1.0,0,1.0,3,64,17,0.97,67,3.85,McTavish,0,5,6,1,49,61,1,C,L,71,Mason McTavish,23,1.32,ANA,976.54
8482747,1,2.2,,0,,0,3,0,0.0,6,13.21,Othmann,0,0,0,0,1,1,0,L,L,2,Brennan Othmann,0,0.0,NYR,545.0
8474563,153,4.07,1.0,1,2.0,2,87,48,1.27,117,3.11,Doughty,1,1,5,0,44,51,1,D,R,132,Drew Doughty,21,0.55,LAK,1552.8
8474565,177,6.35,3.0,0,3.0,1,71,43,1.54,55,1.97,Pietrangelo,2,5,3,5,60,75,1,D,R,123,Alex Pietrangelo,52,1.86,VGK,1412.38
8474567,83,4.28,1.0,0,1.0,1,65,25,1.29,109,5.62,Bogosian,0,0,0,2,37,39,0,D,R,66,Zach Bogosian,11,0.56,"TBL,MIN",1072.83
8474568,81,4.71,1.0,0,1.0,0,68,44,2.56,216,12.58,Schenn,1,1,1,0,27,30,0,D,R,86,Luke Schenn,16,0.93,NSH,908.73
8482762,25,5.13,0.0,0,0.0,0,16,10,2.05,26,5.34,Edvinsson,0,0,1,0,10,11,0,D,L,19,Simon Edvinsson,2,0.41,DET,1095.31
8474574,162,5.74,4.0,0,4.0,1,89,37,1.31,150,5.31,Myers,0,1,7,1,51,60,0,D,R,89,Tyler Myers,15,0.53,VAN,1141.33
8476624,115,5.67,1.0,1,2.0,0,96,22,1.08,211,10.41,Goodrow,1,1,2,0,30,34,1,C,L,40,Barclay Goodrow,34,1.67,NYR,759.75
8474578,99,2.98,2.0,1,3.0,2,82,71,2.14,40,1.2,Karlsson,1,4,3,4,85,97,2,D,R,239,Erik Karlsson,50,1.5,PIT,1456.1
8480727,110,5.66,0.0,0,0.0,1,67,24,1.23,138,7.1,Whitecloud,1,2,1,0,28,32,0,D,R,69,Zach Whitecloud,20,1.03,VGK,1043.26
8474586,23,1.01,1.0,1,2.0,2,78,20,0.88,30,1.32,Eberle,3,4,4,2,62,75,1,R,R,70,Jordan Eberle,59,2.6,SEA,1046.69
8474590,198,5.3,2.0,0,2.0,3,86,82,2.19,73,1.95,Carlson,0,3,14,1,82,100,0,D,R,178,John Carlson,58,1.55,WSH,1562.7
8474600,162,4.47,2.0,0,2.0,3,88,65,1.79,49,1.35,Josi,2,4,9,2,103,120,2,D,L,245,Roman Josi,34,0.93,NSH,1482.35
8482803,38,4.54,0.0,0,0.0,0,26,18,2.15,14,1.67,Zellweger,1,3,0,0,18,22,0,D,L,40,Olen Zellweger,7,0.83,ANA,1157.07
8474612,75,6.36,0.0,0,0.0,1,48,26,2.2,54,4.58,Hamonic,1,1,2,1,21,26,0,D,R,42,Travis Hamonic,11,0.93,OTT,884.12
8482809,0,0.0,,0,,0,1,1,3.92,0,0.0,Blake,0,0,0,0,1,1,0,R,R,1,Jackson Blake,0,0.0,CAR,918.0
